--
-- AgroLink Platform — sandbox TEST data (local development only).
--
-- WARNING: This file contains fake farmers, organizations, contracts,
-- loans, orders, and other transactional rows generated while building
-- and testing this project in the sandbox. It is provided ONLY as a
-- convenience for populating a local development database with realistic
-- sample data so the UI has something to show.
--
-- DO NOT run this file against the Render (production/pilot) database.
-- The pilot must start empty of business data — see 04_reference_data.sql
-- for the reference/config rows the app actually needs in production.
--

SET client_encoding = 'UTF8';
SET standard_conforming_strings = on;

-- contract.contract / risk.credit_score / underwriting.loan_application
-- have FORCE ROW LEVEL SECURITY, which makes RLS apply even to the table
-- owner. If you're restoring this as a non-superuser role, temporarily
-- drop FORCE so the COPY below can insert rows; re-enabled at the bottom
-- of this file. (Harmless no-op if you're running as a superuser, which
-- already bypasses RLS regardless.)
ALTER TABLE contract.contract NO FORCE ROW LEVEL SECURITY;
ALTER TABLE risk.credit_score NO FORCE ROW LEVEL SECURITY;
ALTER TABLE underwriting.loan_application NO FORCE ROW LEVEL SECURITY;

COPY audit.access_log (access_id, subject_type, subject_id, action, resource_type, resource_id, occurred_at) FROM stdin;
dbfe0d4b-55a9-4d5b-9798-56797add20e9	farmer	11111111-1111-1111-1111-111111111111	read	loan_application	\N	2026-07-23 08:58:09.810805+00
5cb02033-83e0-4f76-a538-9b1ac9576292	farmer	33333333-3333-3333-3333-333333333333	read	loan_application	\N	2026-07-23 08:58:09.8149+00
e99b7b3a-4867-43d2-88ac-07aee63b413c	organization	b1111111-0000-0000-0000-000000000001	read	loan_application	\N	2026-07-23 08:58:09.816573+00
6f20beac-f6c7-4e1c-bd91-5113ef4ffd61	organization	b2222222-0000-0000-0000-000000000001	read	loan_application	\N	2026-07-23 08:58:09.819149+00
3f5aaa8d-b1d2-44d5-a5a7-6a7e966fda5e	farmer	11111111-1111-1111-1111-111111111111	read	credit_score	\N	2026-07-23 08:58:09.820389+00
b33c83fd-8ab1-4b77-b3bd-4f3840df0b81	organization	b1111111-0000-0000-0000-000000000001	read	credit_score	\N	2026-07-23 08:58:09.821731+00
9763191c-4da6-49ab-bb9b-bf59cb413ae0	farmer	11111111-1111-1111-1111-111111111111	read	contract	\N	2026-07-23 08:58:09.822835+00
b2396b01-fdda-4065-871d-daefaa0fae3b	organization	b2222222-0000-0000-0000-000000000001	read	contract	\N	2026-07-23 08:58:09.82469+00
802bab69-72d7-43cc-b195-b3bfe35a6de0	platform	\N	read	loan_application	\N	2026-07-23 08:58:09.826027+00
cc75cfb1-4b0d-414e-87fb-beb8a51dbc08	farmer	11111111-1111-1111-1111-111111111111	read	reporting.v_farmer_360	11111111-1111-1111-1111-111111111111	2026-07-23 10:55:15.436164+00
cf86efdb-07d7-4608-92a9-d05693b98d5e	farmer	22222222-2222-2222-2222-222222222222	read	reporting.v_farmer_360	22222222-2222-2222-2222-222222222222	2026-07-23 10:55:15.450683+00
d1384dab-6ae6-41d5-af4c-bfd6cd7f58f3	farmer	11111111-1111-1111-1111-111111111111	read	risk.credit_score	11111111-1111-1111-1111-111111111111	2026-07-23 10:55:15.461558+00
a14822f6-8def-4177-9010-197dae4e2731	farmer	11111111-1111-1111-1111-111111111111	read	contract.contract	11111111-1111-1111-1111-111111111111	2026-07-23 10:55:15.472969+00
dfed8b48-cfca-4c26-9432-3e5269288e48	farmer	11111111-1111-1111-1111-111111111111	read	notification.notification_log	11111111-1111-1111-1111-111111111111	2026-07-23 10:55:15.483116+00
80fb686a-b961-4c4c-89ca-dae0734adb88	farmer	11111111-1111-1111-1111-111111111111	read	registry.production_unit	11111111-1111-1111-1111-111111111111	2026-07-23 10:55:15.497751+00
8f23e26d-0eee-4d3a-b3b5-8a3f9b047a6d	farmer	11111111-1111-1111-1111-111111111111	read	underwriting.loan_application	11111111-1111-1111-1111-111111111111	2026-07-23 10:55:36.629615+00
86fbd3cb-da59-4844-bcd1-2e1c9c238541	farmer	11111111-1111-1111-1111-111111111111	read	underwriting.loan_application	11111111-1111-1111-1111-111111111111	2026-07-23 10:56:04.214909+00
08b501bc-96ec-4475-b563-cc6f7d7a9923	farmer	11111111-1111-1111-1111-111111111111	read	underwriting.loan_application	11111111-1111-1111-1111-111111111111	2026-07-23 10:57:02.661596+00
21e02c8e-bf2d-4e08-b8e3-762146a8929a	farmer	11111111-1111-1111-1111-111111111111	write	underwriting.loan_application	d90d1003-09ca-4193-8832-1bc8c4206faf	2026-07-23 10:57:36.940118+00
750013bd-bef4-4c2f-b5d4-54faa7c954ee	farmer	11111111-1111-1111-1111-111111111111	read	underwriting.loan_application	11111111-1111-1111-1111-111111111111	2026-07-23 10:57:36.955775+00
7e0f74ab-6ba6-4acd-92aa-be059cca2ce9	farmer	22222222-2222-2222-2222-222222222222	read	underwriting.loan_application	22222222-2222-2222-2222-222222222222	2026-07-23 10:57:45.734528+00
0e899a6d-06de-49e8-ac75-57211ab7c005	farmer	22222222-2222-2222-2222-222222222222	read	registry.production_unit	22222222-2222-2222-2222-222222222222	2026-07-23 10:57:45.774935+00
736b4364-3e81-4c99-b9db-ec113526fc62	farmer	22222222-2222-2222-2222-222222222222	read	contract.contract	22222222-2222-2222-2222-222222222222	2026-07-23 10:57:45.790927+00
2a2e2771-3c51-440d-9c70-184a55f40f76	farmer	11111111-1111-1111-1111-111111111111	read	reporting.v_farmer_360	11111111-1111-1111-1111-111111111111	2026-07-23 11:12:54.958734+00
f3c1e82c-b2bd-41bc-9afd-4b2d51a06204	farmer	11111111-1111-1111-1111-111111111111	read	registry.production_unit	11111111-1111-1111-1111-111111111111	2026-07-23 11:12:55.056042+00
4bc4f99c-235c-435c-8446-7a5f6b9a952c	farmer	11111111-1111-1111-1111-111111111111	read	risk.credit_score	11111111-1111-1111-1111-111111111111	2026-07-23 11:12:55.064361+00
a86f76cc-99b2-497e-b1ce-02c7f57354b5	farmer	11111111-1111-1111-1111-111111111111	read	contract.contract	11111111-1111-1111-1111-111111111111	2026-07-23 11:12:55.070186+00
0d172cf4-1733-4c2e-8b26-e61f21a180b4	farmer	11111111-1111-1111-1111-111111111111	read	notification.notification_log	11111111-1111-1111-1111-111111111111	2026-07-23 11:12:55.084093+00
ded410db-5886-4710-84c5-8ac60cb7f918	farmer	11111111-1111-1111-1111-111111111111	read	underwriting.loan_application	11111111-1111-1111-1111-111111111111	2026-07-23 11:12:55.088358+00
03938521-3a91-41a6-ba87-8f34b490fa86	farmer	11111111-1111-1111-1111-111111111111	write	underwriting.loan_application	32e7188c-0d8e-4e43-b92f-10eab91533ab	2026-07-23 11:12:56.937842+00
7de1a408-722b-4f87-863c-ece62ebf4916	farmer	11111111-1111-1111-1111-111111111111	read	underwriting.loan_application	11111111-1111-1111-1111-111111111111	2026-07-23 11:12:56.947609+00
2a7f1bb5-72f4-493c-91ef-9303170a0066	farmer	22222222-2222-2222-2222-222222222222	read	reporting.v_farmer_360	22222222-2222-2222-2222-222222222222	2026-07-23 11:13:34.014299+00
60cf2ec1-648a-4268-8545-2f244c90313e	farmer	22222222-2222-2222-2222-222222222222	read	risk.credit_score	22222222-2222-2222-2222-222222222222	2026-07-23 11:13:34.023238+00
063427f2-d842-4b58-8536-3e62c1d06c56	farmer	22222222-2222-2222-2222-222222222222	read	underwriting.loan_application	22222222-2222-2222-2222-222222222222	2026-07-23 11:13:34.031314+00
7d8dd147-8f7d-4240-88b0-f949e63d7fb8	farmer	22222222-2222-2222-2222-222222222222	read	notification.notification_log	22222222-2222-2222-2222-222222222222	2026-07-23 11:13:34.051558+00
1487f606-1881-4caf-af84-3e8d67147c78	farmer	22222222-2222-2222-2222-222222222222	read	registry.production_unit	22222222-2222-2222-2222-222222222222	2026-07-23 11:13:34.069535+00
ab8c77ea-0a81-47b9-b050-398c2edcb9c1	farmer	22222222-2222-2222-2222-222222222222	read	contract.contract	22222222-2222-2222-2222-222222222222	2026-07-23 11:13:34.083377+00
8185766f-600f-4623-a301-15426b7ccfc5	farmer	22222222-2222-2222-2222-222222222222	read	risk.credit_score	22222222-2222-2222-2222-222222222222	2026-07-23 11:13:49.009795+00
093735d1-afbd-436a-8d9d-4043f16be6b7	farmer	22222222-2222-2222-2222-222222222222	read	registry.production_unit	22222222-2222-2222-2222-222222222222	2026-07-23 11:14:05.044172+00
a56b6b1a-2b81-4993-9c5d-a25ea1c5b784	farmer	22222222-2222-2222-2222-222222222222	read	contract.contract	22222222-2222-2222-2222-222222222222	2026-07-23 11:14:05.047805+00
da5cdb28-5b91-4f47-bd8c-495cf7340273	farmer	22222222-2222-2222-2222-222222222222	read	underwriting.loan_application	22222222-2222-2222-2222-222222222222	2026-07-23 11:14:05.062825+00
5e285db4-116f-4f89-9a08-960401463946	farmer	22222222-2222-2222-2222-222222222222	read	risk.credit_score	22222222-2222-2222-2222-222222222222	2026-07-23 11:14:05.094891+00
447664dc-8e9f-4fd1-b0bb-b22a567b8445	farmer	22222222-2222-2222-2222-222222222222	read	notification.notification_log	22222222-2222-2222-2222-222222222222	2026-07-23 11:14:05.097065+00
a7d6ea36-1d77-4627-9ee6-4158b806ca43	farmer	22222222-2222-2222-2222-222222222222	read	reporting.v_farmer_360	22222222-2222-2222-2222-222222222222	2026-07-23 11:14:05.101768+00
eb177bf3-5697-4491-ad8e-4401eced429e	farmer	6821010d-27c8-4c54-8928-910060240925	write	identity.farmer	6821010d-27c8-4c54-8928-910060240925	2026-07-23 13:32:40.226726+00
52c95856-f546-48e9-b8cb-2302ab48c985	farmer	6821010d-27c8-4c54-8928-910060240925	read	reporting.v_farmer_360	6821010d-27c8-4c54-8928-910060240925	2026-07-23 13:32:40.502513+00
a72c2065-cc28-4816-bf60-b54b636a3f32	farmer	2c374c52-d71e-43e1-8bbc-63f08f1fc8fc	write	identity.farmer	2c374c52-d71e-43e1-8bbc-63f08f1fc8fc	2026-07-23 13:35:46.773925+00
daa97535-fbb4-4d15-ab62-708e41fe8339	farmer	2c374c52-d71e-43e1-8bbc-63f08f1fc8fc	read	reporting.v_farmer_360	2c374c52-d71e-43e1-8bbc-63f08f1fc8fc	2026-07-23 13:35:47.419332+00
b3e28fd5-10c1-4a44-b2ce-c5c6884db1b8	farmer	2c374c52-d71e-43e1-8bbc-63f08f1fc8fc	read	underwriting.loan_application	2c374c52-d71e-43e1-8bbc-63f08f1fc8fc	2026-07-23 13:35:47.50215+00
6e0d1371-24c6-48b0-a21c-d76d165dfda6	farmer	2c374c52-d71e-43e1-8bbc-63f08f1fc8fc	read	risk.credit_score	2c374c52-d71e-43e1-8bbc-63f08f1fc8fc	2026-07-23 13:35:47.531462+00
7b2fd97e-3e6e-47b5-9c92-a93990e4e78e	farmer	2c374c52-d71e-43e1-8bbc-63f08f1fc8fc	read	contract.contract	2c374c52-d71e-43e1-8bbc-63f08f1fc8fc	2026-07-23 13:35:47.540899+00
bfbc8f98-0963-4f6e-8d8b-26a27e35705a	farmer	2c374c52-d71e-43e1-8bbc-63f08f1fc8fc	read	notification.notification_log	2c374c52-d71e-43e1-8bbc-63f08f1fc8fc	2026-07-23 13:35:47.554886+00
e3e4de9e-cd36-4e6d-8515-94b275e904d0	farmer	2c374c52-d71e-43e1-8bbc-63f08f1fc8fc	read	registry.production_unit	2c374c52-d71e-43e1-8bbc-63f08f1fc8fc	2026-07-23 13:35:48.284326+00
c560bf52-6925-4fad-b8d5-746bba5c449a	organization	b1111111-0000-0000-0000-000000000001	read	underwriting.loan_application	b1111111-0000-0000-0000-000000000001	2026-07-23 13:53:43.321083+00
662cdb4b-90c0-4c45-be04-52e337d847c0	farmer	11111111-1111-1111-1111-111111111111	read	registry.production_unit	11111111-1111-1111-1111-111111111111	2026-07-23 13:53:49.213123+00
44832b1b-792e-4908-8af0-2db61ce4d0df	farmer	11111111-1111-1111-1111-111111111111	read	risk.credit_score	11111111-1111-1111-1111-111111111111	2026-07-23 13:54:02.910706+00
04d44738-02e9-4030-ad06-5961405ddc23	farmer	22222222-2222-2222-2222-222222222222	read	risk.credit_score	22222222-2222-2222-2222-222222222222	2026-07-23 13:54:02.966972+00
a2d671f2-a1e9-4046-9ca1-a14205b78291	farmer	33333333-3333-3333-3333-333333333333	read	risk.credit_score	33333333-3333-3333-3333-333333333333	2026-07-23 13:54:03.018355+00
05aa3655-2240-456b-a767-7950576f8446	farmer	33333333-3333-3333-3333-333333333333	read	registry.production_unit	33333333-3333-3333-3333-333333333333	2026-07-23 13:54:10.835565+00
6b62e1ab-97c8-43b5-ac0c-df7f8c77989e	farmer	22222222-2222-2222-2222-222222222222	read	registry.production_unit	22222222-2222-2222-2222-222222222222	2026-07-23 13:54:10.862206+00
01e142f8-575c-4cab-975e-cf32cce3c861	farmer	11111111-1111-1111-1111-111111111111	write	underwriting.loan_application	75bf665a-bb01-46a1-85a9-ff52ec508ece	2026-07-23 13:54:19.712524+00
a8c9d0e1-083d-4e0c-b549-c8d8164f8613	farmer	11111111-1111-1111-1111-111111111111	write	underwriting.loan_application	75bf665a-bb01-46a1-85a9-ff52ec508ece	2026-07-23 13:54:19.721467+00
c9aede71-10ba-4d04-9b45-3e5fda8c0052	farmer	11111111-1111-1111-1111-111111111111	write	underwriting.loan_application	feff7a4e-a4f7-4939-adf8-736a675264d6	2026-07-23 13:54:19.750436+00
4442239b-607c-4031-8225-643fb4213be3	farmer	11111111-1111-1111-1111-111111111111	write	underwriting.loan_application	feff7a4e-a4f7-4939-adf8-736a675264d6	2026-07-23 13:54:19.753961+00
6a5d0192-5efc-4bdc-a8da-634d6cf642df	farmer	33333333-3333-3333-3333-333333333333	write	underwriting.loan_application	2aea8ba9-fe07-4d95-8819-f86128bb49c0	2026-07-23 13:54:19.797508+00
9ebbd839-c92b-487f-87de-42b6b6d4a9db	farmer	33333333-3333-3333-3333-333333333333	write	underwriting.loan_application	2aea8ba9-fe07-4d95-8819-f86128bb49c0	2026-07-23 13:54:19.803471+00
28a00fee-a30a-42bc-8d50-bce5b613b636	farmer	22222222-2222-2222-2222-222222222222	write	underwriting.loan_application	d30d81ef-6701-4401-a0e2-6f56c8817be4	2026-07-23 13:54:19.849704+00
6837e425-c8bb-4476-b934-870c6afabf53	farmer	22222222-2222-2222-2222-222222222222	write	underwriting.loan_application	d30d81ef-6701-4401-a0e2-6f56c8817be4	2026-07-23 13:54:19.854494+00
c60c53ed-f846-4c5a-829c-fa78c5447d56	organization	b1111111-0000-0000-0000-000000000001	read	underwriting.loan_application	b1111111-0000-0000-0000-000000000001	2026-07-23 13:54:24.194989+00
15c1b1a4-57f5-41b6-8453-d182fc65cdad	organization	b1111111-0000-0000-0000-000000000001	read	underwriting.loan_application	b1111111-0000-0000-0000-000000000001	2026-07-23 13:54:24.246398+00
922945fc-806b-4b44-89b8-eb982e782a73	organization	b1111111-0000-0000-0000-000000000001	write	underwriting.loan_application	2aea8ba9-fe07-4d95-8819-f86128bb49c0	2026-07-23 13:54:35.40921+00
7aba9de1-c672-486c-b35e-f54b9b043490	organization	b1111111-0000-0000-0000-000000000001	write	underwriting.loan_application	feff7a4e-a4f7-4939-adf8-736a675264d6	2026-07-23 13:54:35.425895+00
7e65992a-6a17-4fd1-aeeb-2fff8eec2551	organization	b1111111-0000-0000-0000-000000000001	write	underwriting.loan_application	75bf665a-bb01-46a1-85a9-ff52ec508ece	2026-07-23 13:54:35.448052+00
f7064296-089b-4323-be54-dab6959ea90b	organization	c9999999-0000-0000-0000-000000000099	read	underwriting.loan_application	c9999999-0000-0000-0000-000000000099	2026-07-23 13:54:50.608987+00
f23dc0c0-f7e6-4fbf-adc0-6567e3c0a044	organization	b1111111-0000-0000-0000-000000000001	read	contract.contract	b1111111-0000-0000-0000-000000000001	2026-07-23 13:54:59.35505+00
730a0d59-e4da-43ab-a3e9-a9723cc4d03f	organization	b1111111-0000-0000-0000-000000000001	read	underwriting.loan_application	b1111111-0000-0000-0000-000000000001	2026-07-23 13:54:59.399982+00
0978fd9a-aa8a-447d-9c83-044cc533cdf3	organization	b1111111-0000-0000-0000-000000000001	read	underwriting.loan_application	b1111111-0000-0000-0000-000000000001	2026-07-23 13:55:58.694601+00
78fde9ff-6560-49e7-ae37-afced2dbedc1	organization	b1111111-0000-0000-0000-000000000001	read	underwriting.loan_application	b1111111-0000-0000-0000-000000000001	2026-07-23 13:55:58.731159+00
f5277b5a-032d-42c1-b7d4-c9bde939fcef	farmer	11111111-1111-1111-1111-111111111111	write	underwriting.loan_application	7d20cd26-6a7b-4675-bafe-164fde365726	2026-07-23 13:56:07.998144+00
f3cc0457-aa41-475c-8caf-4217bbf43cc4	farmer	11111111-1111-1111-1111-111111111111	write	underwriting.loan_application	7d20cd26-6a7b-4675-bafe-164fde365726	2026-07-23 13:56:08.003055+00
6a8e0b8a-1553-4439-81a2-7c27a2317530	farmer	33333333-3333-3333-3333-333333333333	write	underwriting.loan_application	f278b37c-3536-4177-9b44-bb91d4db6731	2026-07-23 13:56:08.023516+00
a6b259b7-51c6-4c0c-aa34-3b9a277f5667	farmer	33333333-3333-3333-3333-333333333333	write	underwriting.loan_application	f278b37c-3536-4177-9b44-bb91d4db6731	2026-07-23 13:56:08.027874+00
9418b596-46c1-4a95-b893-337815a8d025	organization	b1111111-0000-0000-0000-000000000001	read	underwriting.loan_application	b1111111-0000-0000-0000-000000000001	2026-07-23 13:58:55.946522+00
26ff7488-c7aa-410c-aa41-962dfe9a6b96	organization	b1111111-0000-0000-0000-000000000001	read	underwriting.loan_application	b1111111-0000-0000-0000-000000000001	2026-07-23 13:58:55.985223+00
18a54d48-2be6-4a44-8ddc-d0003ae45538	organization	b1111111-0000-0000-0000-000000000001	read	underwriting.loan_application	b1111111-0000-0000-0000-000000000001	2026-07-23 13:58:56.003644+00
b49676c2-1dde-422f-99ad-8471c1d59e69	organization	b1111111-0000-0000-0000-000000000001	read	contract.contract	b1111111-0000-0000-0000-000000000001	2026-07-23 13:58:56.013765+00
adf01e4f-6caf-4385-92e2-22da7bac1798	organization	b1111111-0000-0000-0000-000000000001	write	underwriting.loan_application	f278b37c-3536-4177-9b44-bb91d4db6731	2026-07-23 13:58:58.11637+00
8af0d793-1807-4715-85c0-be548cc24bde	organization	b1111111-0000-0000-0000-000000000001	read	underwriting.loan_application	b1111111-0000-0000-0000-000000000001	2026-07-23 13:58:58.152841+00
07000edb-a6cb-4ce4-9dd2-38fab32ad90a	organization	b1111111-0000-0000-0000-000000000001	read	underwriting.loan_application	b1111111-0000-0000-0000-000000000001	2026-07-23 13:58:58.153243+00
b9d0ef30-1643-41e6-ad3f-d6ab03b8455d	organization	b1111111-0000-0000-0000-000000000001	read	underwriting.loan_application	b1111111-0000-0000-0000-000000000001	2026-07-23 13:58:58.153208+00
31238def-0031-4a6a-aae3-705610acc5d7	organization	b1111111-0000-0000-0000-000000000001	read	contract.contract	b1111111-0000-0000-0000-000000000001	2026-07-23 13:58:58.161661+00
ca4f1d1e-a2eb-4bf2-a1c2-8dfa2ff6da8b	organization	b1111111-0000-0000-0000-000000000001	write	underwriting.loan_application	7d20cd26-6a7b-4675-bafe-164fde365726	2026-07-23 13:58:59.778782+00
a37f64b7-c1dc-42b4-acb1-036757d4c536	organization	b1111111-0000-0000-0000-000000000001	read	underwriting.loan_application	b1111111-0000-0000-0000-000000000001	2026-07-23 13:58:59.805165+00
56c025c0-52c0-4861-87ea-1e3b4ad594a2	organization	b1111111-0000-0000-0000-000000000001	read	underwriting.loan_application	b1111111-0000-0000-0000-000000000001	2026-07-23 13:58:59.807507+00
6f6dd182-4227-4bdc-bc7f-539954d790b0	organization	b1111111-0000-0000-0000-000000000001	read	underwriting.loan_application	b1111111-0000-0000-0000-000000000001	2026-07-23 13:58:59.811969+00
292b8460-87b0-43f9-8afe-b0bb73f3a76b	organization	b1111111-0000-0000-0000-000000000001	read	contract.contract	b1111111-0000-0000-0000-000000000001	2026-07-23 13:58:59.815682+00
2b3edf3c-42b5-4310-a790-47ac66075e1f	organization	b1111111-0000-0000-0000-000000000001	read	underwriting.loan_application	b1111111-0000-0000-0000-000000000001	2026-07-23 13:59:01.476227+00
26e035cd-f6c2-4cfc-a26d-536e5cef358f	organization	b2222222-0000-0000-0000-000000000001	read	produce.delivery	b2222222-0000-0000-0000-000000000001	2026-07-23 14:10:22.511664+00
7cb97f32-26f0-4830-becc-1da65ad7e4b7	organization	b2222222-0000-0000-0000-000000000001	read	contract.contract	b2222222-0000-0000-0000-000000000001	2026-07-23 14:10:22.700403+00
a55d03bf-b6d4-4cd2-9f90-cf013abbd0a7	organization	b2222222-0000-0000-0000-000000000001	write	produce.delivery	41968718-71fa-4ed7-98f1-ab9970e964a6	2026-07-23 14:10:31.323325+00
edc4d1a3-7594-41f1-a412-a8e2d8013e21	organization	b2222222-0000-0000-0000-000000000001	write	produce.delivery	41968718-71fa-4ed7-98f1-ab9970e964a6	2026-07-23 14:10:31.412592+00
f462940d-1198-4b4a-99ad-9b5ffce6bec0	organization	b2222222-0000-0000-0000-000000000001	read	produce.delivery	b2222222-0000-0000-0000-000000000001	2026-07-23 14:10:31.47892+00
459f42d0-23cd-4e65-aba3-cbf6f8fded27	organization	b2222222-0000-0000-0000-000000000001	write	produce.delivery	57f96bff-8183-4c32-a999-1d4cdbbe37c3	2026-07-23 14:10:52.95939+00
423a3e78-b3c4-4f15-a9bc-9f692da58b7a	organization	b2222222-0000-0000-0000-000000000001	write	produce.delivery	57f96bff-8183-4c32-a999-1d4cdbbe37c3	2026-07-23 14:10:53.053193+00
c8ef2bb6-2b34-4b4d-bea0-06655d47d279	organization	b2222222-0000-0000-0000-000000000001	write	produce.delivery	e7c1e182-bc53-4e1e-9cca-d5d76623e332	2026-07-23 14:10:53.116039+00
08e91937-8838-42d8-a48c-6499a940a772	organization	b2222222-0000-0000-0000-000000000001	write	produce.delivery	e7c1e182-bc53-4e1e-9cca-d5d76623e332	2026-07-23 14:10:53.202464+00
6b780709-7d4d-45af-80e9-86e5ab338d17	organization	b2222222-0000-0000-0000-000000000001	read	produce.delivery	b2222222-0000-0000-0000-000000000001	2026-07-23 14:10:53.246394+00
5152f693-71ea-4083-ae5a-3c6c7f02bbd6	organization	b2222222-0000-0000-0000-000000000001	write	produce.delivery	57f96bff-8183-4c32-a999-1d4cdbbe37c3	2026-07-23 14:14:04.942449+00
cc9c78d3-2bbf-4631-9138-6ae263a1cdbd	organization	b2222222-0000-0000-0000-000000000001	read	produce.delivery	b2222222-0000-0000-0000-000000000001	2026-07-23 14:14:04.983239+00
4c83cc11-fc8a-40a0-823c-05d098025ad8	organization	c8888888-0000-0000-0000-000000000088	read	produce.delivery	c8888888-0000-0000-0000-000000000088	2026-07-23 14:14:21.441731+00
4b791bba-dbe3-46bf-ab6e-c4dc6c778fff	organization	b2222222-0000-0000-0000-000000000001	write	produce.delivery	83a75312-2480-4e14-b16f-1562145cca44	2026-07-23 14:17:22.934877+00
32bcd5a0-0402-48a8-b5c8-e10f197acb24	organization	b2222222-0000-0000-0000-000000000001	read	produce.delivery	b2222222-0000-0000-0000-000000000001	2026-07-23 14:17:22.98064+00
eb709d97-19a8-4551-a392-a5807ae31b9f	organization	b2222222-0000-0000-0000-000000000001	read	produce.delivery	b2222222-0000-0000-0000-000000000001	2026-07-23 14:17:43.786395+00
79faefef-d4a1-43f8-98c5-d5a715ce5334	organization	b2222222-0000-0000-0000-000000000001	read	contract.contract	b2222222-0000-0000-0000-000000000001	2026-07-23 14:17:43.896028+00
cfdf5476-b939-45c1-aa03-cccd14005a0e	organization	b2222222-0000-0000-0000-000000000001	read	produce.delivery	b2222222-0000-0000-0000-000000000001	2026-07-23 14:17:43.907958+00
d6b05db8-2781-488f-b737-88bc8b329d69	organization	b2222222-0000-0000-0000-000000000001	read	produce.delivery	b2222222-0000-0000-0000-000000000001	2026-07-23 14:17:43.910497+00
9fa69724-8c7f-4f87-bdbb-758530db96fe	organization	b2222222-0000-0000-0000-000000000001	read	contract.contract	b2222222-0000-0000-0000-000000000001	2026-07-23 14:17:44.013578+00
a801628e-b650-44db-85fb-e9f16cc75d24	organization	b2222222-0000-0000-0000-000000000001	write	produce.delivery	83a75312-2480-4e14-b16f-1562145cca44	2026-07-23 14:17:45.577956+00
0dcb948c-a306-47e3-8d3a-d018bb7fd373	organization	b2222222-0000-0000-0000-000000000001	read	produce.delivery	b2222222-0000-0000-0000-000000000001	2026-07-23 14:17:45.595295+00
3b5287b4-8392-4f73-9b1e-1ded62ef9b62	organization	b2222222-0000-0000-0000-000000000001	read	produce.delivery	b2222222-0000-0000-0000-000000000001	2026-07-23 14:17:45.607551+00
a952fdab-e293-439e-a9c3-bde497131498	organization	b2222222-0000-0000-0000-000000000001	read	produce.delivery	b2222222-0000-0000-0000-000000000001	2026-07-23 14:17:45.610924+00
04b9c5b2-0dc7-4ea4-8c8b-9e3360f208de	organization	b2222222-0000-0000-0000-000000000001	read	contract.contract	b2222222-0000-0000-0000-000000000001	2026-07-23 14:17:45.613318+00
03b956fc-14e1-457b-8d2a-0f7556732903	organization	b2222222-0000-0000-0000-000000000001	write	produce.delivery	b865213a-fbaa-4687-a2c3-5a2f640023ed	2026-07-23 14:17:48.638078+00
079c6b11-a620-47a3-b1a5-0257101bc925	organization	b2222222-0000-0000-0000-000000000001	read	contract.contract	b2222222-0000-0000-0000-000000000001	2026-07-23 14:17:48.661745+00
44302596-791c-4c65-9e28-f24962e0338a	organization	b2222222-0000-0000-0000-000000000001	read	produce.delivery	b2222222-0000-0000-0000-000000000001	2026-07-23 14:17:48.662877+00
cf7778d2-5d5d-417e-aa96-1a5a60c0ba92	organization	b2222222-0000-0000-0000-000000000001	read	produce.delivery	b2222222-0000-0000-0000-000000000001	2026-07-23 14:17:48.664789+00
503eab75-ecc8-4c0d-be1a-1fb7bf255039	organization	b2222222-0000-0000-0000-000000000001	read	produce.delivery	b2222222-0000-0000-0000-000000000001	2026-07-23 14:17:48.665189+00
c94a0851-c18d-4451-97d0-0230075be4bd	organization	b2222222-0000-0000-0000-000000000001	read	produce.delivery	b2222222-0000-0000-0000-000000000001	2026-07-23 14:17:49.848723+00
fd128cac-6da9-401e-a3da-c5b4f1c36457	platform	\N	read	identity.farmer	\N	2026-07-23 14:29:21.372087+00
1a22e7b4-d0bb-4229-a5b1-0a1b0655ca6f	platform	\N	read	identity.farmer	\N	2026-07-23 14:29:27.928811+00
9deb0242-6a66-46df-9a4a-7759d41f2e28	platform	\N	read	identity.organization	\N	2026-07-23 14:29:27.997574+00
3cd3ef02-d57f-458e-a8c9-800b6bc468ab	platform	\N	write	identity.farmer	2c374c52-d71e-43e1-8bbc-63f08f1fc8fc	2026-07-23 14:29:35.759399+00
6f54cf48-08d4-4817-986b-7cf68f880c91	platform	\N	write	identity.farmer	6821010d-27c8-4c54-8928-910060240925	2026-07-23 14:29:35.801821+00
e2241847-4de0-4bf8-817b-0f6c02b80c94	platform	\N	read	identity.farmer	\N	2026-07-23 14:35:44.326691+00
48f59679-a56b-4103-aefa-c88b95039bf4	platform	\N	write	identity.farmer	2c374c52-d71e-43e1-8bbc-63f08f1fc8fc	2026-07-23 14:35:44.358018+00
cafeb556-888e-4eb9-a7d2-da8fad8186ca	platform	\N	write	identity.farmer	6821010d-27c8-4c54-8928-910060240925	2026-07-23 14:35:44.400597+00
d667ab25-905e-431f-91bf-6e855e145764	platform	\N	write	identity.organization	b3333333-0000-0000-0000-000000000001	2026-07-23 14:36:08.059331+00
8ecf00ef-8f5e-4ee8-8a76-9ce0b012d621	farmer	2c374c52-d71e-43e1-8bbc-63f08f1fc8fc	read	notification.notification_log	2c374c52-d71e-43e1-8bbc-63f08f1fc8fc	2026-07-23 14:36:08.239302+00
a73477e6-82bb-4890-96bd-dc9628a55ddf	platform	\N	read	identity.farmer	\N	2026-07-23 14:39:29.704587+00
21a768ce-ee33-4d11-8b6b-dcb718506346	platform	\N	read	identity.organization	\N	2026-07-23 14:39:29.775949+00
efbb5e28-1a8c-4b63-b6e5-e518d0f4b9e1	platform	\N	read	identity.organization	\N	2026-07-23 14:39:29.778748+00
9463cb3c-12a5-48aa-bdec-92f86be7f5f7	platform	\N	read	identity.farmer	\N	2026-07-23 14:39:29.780768+00
918a8c99-fe5a-4ddc-9e2e-83f64813a36d	platform	\N	read	identity.farmer	\N	2026-07-23 14:39:29.806374+00
dc106290-2420-4d69-85d8-98426b3caf53	platform	\N	write	identity.farmer	33333333-3333-3333-3333-333333333333	2026-07-23 14:39:31.227031+00
8d3814fc-e7cf-4fc7-943e-762adabdad9e	platform	\N	read	identity.farmer	\N	2026-07-23 14:39:31.241224+00
5c390259-c309-4ef7-aa24-2f61dcdb5605	platform	\N	read	identity.farmer	\N	2026-07-23 14:39:31.250991+00
84ee2450-66dc-4427-b72d-4bb89cb65bd6	platform	\N	read	identity.organization	\N	2026-07-23 14:39:31.253018+00
2b793c7c-de55-4d35-a4d6-9e6834495d07	platform	\N	read	identity.farmer	\N	2026-07-23 14:39:31.256432+00
b24d8be1-151c-448c-a8ed-9ce895a057c4	platform	\N	read	identity.organization	\N	2026-07-23 14:39:31.266229+00
ab020660-28e2-447a-be14-0547c41d5ec6	platform	\N	write	identity.organization	b9999999-0000-0000-0000-000000000099	2026-07-23 14:39:32.730421+00
16cd3bc2-b444-48a0-a39b-d5afcbbe6d96	platform	\N	read	identity.farmer	\N	2026-07-23 14:39:32.761614+00
63ad5581-de5d-4027-8a20-2a4a0effbf92	platform	\N	read	identity.farmer	\N	2026-07-23 14:39:32.762176+00
6ea043cf-fda7-484f-afed-9b4e7b9bf52e	platform	\N	read	identity.organization	\N	2026-07-23 14:39:32.763209+00
895b7f51-0a14-4251-a09b-ae57f8ca375c	platform	\N	read	identity.farmer	\N	2026-07-23 14:39:32.763761+00
f72a95cd-e6ca-42ef-8f95-0e9fb8294b51	platform	\N	read	identity.organization	\N	2026-07-23 14:39:32.765447+00
5fa26ce0-f371-4ded-9915-b0c6f45dd137	platform	\N	read	identity.farmer	\N	2026-07-23 14:39:34.136285+00
85097896-6417-4483-8cb5-91d28d2b5fc6	organization	a5dd58b2-62b8-465d-98e8-cc674ef290e5	write	identity.organization	a5dd58b2-62b8-465d-98e8-cc674ef290e5	2026-07-23 15:25:02.267562+00
9a2e4eb7-62e6-4ffe-b30e-e1b0d61e71c1	organization	743783c8-87bf-44cf-a69b-695e06b04010	write	identity.organization	743783c8-87bf-44cf-a69b-695e06b04010	2026-07-23 15:25:02.305335+00
86ea8384-57b3-4ba2-bae4-04efde2e71dd	organization	b1111111-0000-0000-0000-000000000001	read	underwriting.loan_application	b1111111-0000-0000-0000-000000000001	2026-07-23 15:25:08.932381+00
2c65eb12-3214-4d27-aaa4-634c159b363b	platform	\N	read	identity.organization	\N	2026-07-23 15:25:16.860394+00
2000938b-1914-4b78-8ec3-c777f78139f5	platform	\N	write	identity.organization	743783c8-87bf-44cf-a69b-695e06b04010	2026-07-23 15:25:17.069287+00
e4e401bd-5578-4ba9-9f89-435d51fb4639	organization	743783c8-87bf-44cf-a69b-695e06b04010	read	underwriting.loan_application	743783c8-87bf-44cf-a69b-695e06b04010	2026-07-23 15:25:17.174439+00
8d1c01e7-3c17-4f92-817a-9184e91397c4	organization	1c32184b-9bd2-4eb8-ba63-8a3f1506ec80	write	identity.organization	1c32184b-9bd2-4eb8-ba63-8a3f1506ec80	2026-07-23 15:30:06.060611+00
277bc4c3-9ce2-42b5-9a18-a17dbf83391d	organization	dd34e28d-a30c-491e-9c4e-6ff140c384b9	write	identity.organization	dd34e28d-a30c-491e-9c4e-6ff140c384b9	2026-07-23 15:30:07.957444+00
04f624ef-eda1-4f3c-81bd-bafd69bd4544	organization	b1111111-0000-0000-0000-000000000001	read	underwriting.loan_application	b1111111-0000-0000-0000-000000000001	2026-07-23 15:30:47.920911+00
58e53c41-d36a-42ed-b570-5307b1beb1c9	organization	b1111111-0000-0000-0000-000000000001	read	underwriting.loan_application	b1111111-0000-0000-0000-000000000001	2026-07-23 15:30:48.323508+00
2ceae56a-27a1-4637-8ec9-f5bb0654ee79	organization	b1111111-0000-0000-0000-000000000001	read	underwriting.loan_application	b1111111-0000-0000-0000-000000000001	2026-07-23 15:30:48.34206+00
3bc91f4f-b0eb-418c-af9b-4853c0083524	organization	b1111111-0000-0000-0000-000000000001	read	contract.contract	b1111111-0000-0000-0000-000000000001	2026-07-23 15:30:48.345349+00
30324a71-02d6-43fb-8dc3-3cc18eafe205	organization	b0aee58c-26dc-4d04-8ce1-44f605e27d23	write	identity.organization	b0aee58c-26dc-4d04-8ce1-44f605e27d23	2026-07-24 00:28:51.170632+00
57e26abe-e076-4443-93e7-05f9a82d7b38	platform	\N	write	identity.organization	b0aee58c-26dc-4d04-8ce1-44f605e27d23	2026-07-24 00:28:51.329715+00
a4494960-3856-4701-9f64-f6ddd536c2b0	organization	b0aee58c-26dc-4d04-8ce1-44f605e27d23	read	marketplace.service_listing	b0aee58c-26dc-4d04-8ce1-44f605e27d23	2026-07-24 00:28:51.356637+00
b7697a9a-eda0-480d-9f9a-9e6a730f8c76	organization	b0aee58c-26dc-4d04-8ce1-44f605e27d23	read	marketplace.service_listing	b0aee58c-26dc-4d04-8ce1-44f605e27d23	2026-07-24 00:28:51.369929+00
27d33c29-0b92-44b0-bcac-0855cc987010	organization	b0aee58c-26dc-4d04-8ce1-44f605e27d23	read	marketplace.service_listing	b0aee58c-26dc-4d04-8ce1-44f605e27d23	2026-07-24 00:28:51.395245+00
6b7f80c8-3468-4367-844b-89612432145e	organization	b0aee58c-26dc-4d04-8ce1-44f605e27d23	write	marketplace.vendor_photo	b0aee58c-26dc-4d04-8ce1-44f605e27d23	2026-07-24 00:28:51.425948+00
c37fad22-9ea2-4f3f-ba88-38ba1d9a3459	organization	b0aee58c-26dc-4d04-8ce1-44f605e27d23	read	marketplace.vendor_photo	b0aee58c-26dc-4d04-8ce1-44f605e27d23	2026-07-24 00:28:51.438438+00
eaaec7b4-4fc0-4551-911f-3622637c9230	organization	b0aee58c-26dc-4d04-8ce1-44f605e27d23	write	marketplace.service_listing	b0aee58c-26dc-4d04-8ce1-44f605e27d23	2026-07-24 00:29:34.970441+00
4a735653-ff3d-424f-957b-f02645d5b497	organization	b0aee58c-26dc-4d04-8ce1-44f605e27d23	read	marketplace.service_listing	b0aee58c-26dc-4d04-8ce1-44f605e27d23	2026-07-24 00:29:34.987196+00
feb24224-6647-4c4d-96fa-945d3758263a	organization	b0aee58c-26dc-4d04-8ce1-44f605e27d23	write	marketplace.service_listing	b0aee58c-26dc-4d04-8ce1-44f605e27d23	2026-07-24 00:29:35.000051+00
ac0021f1-0f6c-4357-bf69-9da4748fcb97	organization	b0aee58c-26dc-4d04-8ce1-44f605e27d23	read	marketplace.service_listing	b0aee58c-26dc-4d04-8ce1-44f605e27d23	2026-07-24 00:29:35.011776+00
d1f479b1-59e6-406f-9857-d7d002370849	organization	b0aee58c-26dc-4d04-8ce1-44f605e27d23	write	marketplace.service_listing	b0aee58c-26dc-4d04-8ce1-44f605e27d23	2026-07-24 00:29:35.025478+00
21bd800c-5b5f-4d3d-ba1b-ffccd7409ff4	organization	b0aee58c-26dc-4d04-8ce1-44f605e27d23	write	marketplace.vendor_photo	67c4b3ed-288b-45c3-8c20-d46dd20ee7c0	2026-07-24 00:29:35.038286+00
33126d3d-9a6a-4fac-98d3-5eec6bfa70de	organization	b0aee58c-26dc-4d04-8ce1-44f605e27d23	read	marketplace.vendor_photo	b0aee58c-26dc-4d04-8ce1-44f605e27d23	2026-07-24 00:29:35.049279+00
760b2321-1c5d-4e2b-9513-e4cceb69becd	organization	dad51d88-ba10-4c6f-9670-f005aab6040b	write	identity.organization	dad51d88-ba10-4c6f-9670-f005aab6040b	2026-07-24 00:29:47.989498+00
8695bc79-299f-4c82-b016-39b8cbfc0a7d	organization	4bf1cdf3-962c-4c31-9b58-6d774d92975a	write	identity.organization	4bf1cdf3-962c-4c31-9b58-6d774d92975a	2026-07-24 00:30:37.305465+00
c206ba83-442d-4172-b308-1e70ed013dba	platform	\N	write	identity.organization	4bf1cdf3-962c-4c31-9b58-6d774d92975a	2026-07-24 00:30:38.678123+00
ae90d29e-206d-417c-976d-fe95319f2b5e	organization	4bf1cdf3-962c-4c31-9b58-6d774d92975a	read	marketplace.service_listing	4bf1cdf3-962c-4c31-9b58-6d774d92975a	2026-07-24 00:30:39.054446+00
d309dcb7-72c0-4235-8de6-76a81abf9944	organization	4bf1cdf3-962c-4c31-9b58-6d774d92975a	read	marketplace.service_listing	4bf1cdf3-962c-4c31-9b58-6d774d92975a	2026-07-24 00:30:39.083814+00
d7753b1b-66b1-46e6-b916-e8da5c15ca83	organization	4bf1cdf3-962c-4c31-9b58-6d774d92975a	read	marketplace.vendor_photo	4bf1cdf3-962c-4c31-9b58-6d774d92975a	2026-07-24 00:30:39.120818+00
fc81b0e9-589b-44e9-9ae2-bed00e976f86	organization	4bf1cdf3-962c-4c31-9b58-6d774d92975a	write	marketplace.service_listing	4bf1cdf3-962c-4c31-9b58-6d774d92975a	2026-07-24 00:30:40.328056+00
9dde54fe-8068-4d16-b6a8-3dd762aebb99	organization	4bf1cdf3-962c-4c31-9b58-6d774d92975a	read	marketplace.service_listing	4bf1cdf3-962c-4c31-9b58-6d774d92975a	2026-07-24 00:30:40.342699+00
91d65210-1ef1-436d-a9e2-80d6b52243a9	organization	4bf1cdf3-962c-4c31-9b58-6d774d92975a	read	marketplace.service_listing	4bf1cdf3-962c-4c31-9b58-6d774d92975a	2026-07-24 00:30:40.344426+00
495cf414-dff7-462a-b2cd-67a9201cac9c	organization	4bf1cdf3-962c-4c31-9b58-6d774d92975a	write	marketplace.vendor_photo	4bf1cdf3-962c-4c31-9b58-6d774d92975a	2026-07-24 00:30:41.584394+00
f783a2bd-d689-4a27-ac8b-583300b9fa4b	organization	4bf1cdf3-962c-4c31-9b58-6d774d92975a	read	marketplace.vendor_photo	4bf1cdf3-962c-4c31-9b58-6d774d92975a	2026-07-24 00:30:41.597293+00
efbed80f-e062-45c6-8479-fa48d1c91e7d	organization	4bf1cdf3-962c-4c31-9b58-6d774d92975a	read	marketplace.service_listing	4bf1cdf3-962c-4c31-9b58-6d774d92975a	2026-07-24 00:30:41.598071+00
d90505eb-b4f2-49af-ab88-abcfe4b21fab	organization	4bf1cdf3-962c-4c31-9b58-6d774d92975a	read	marketplace.service_listing	4bf1cdf3-962c-4c31-9b58-6d774d92975a	2026-07-24 00:30:43.151863+00
85f3c9bd-7426-435a-8cd7-411bce29352a	organization	4bf1cdf3-962c-4c31-9b58-6d774d92975a	read	marketplace.vendor_photo	4bf1cdf3-962c-4c31-9b58-6d774d92975a	2026-07-24 00:30:43.167718+00
f15a1a3a-2786-44f4-886f-ae1e83907799	organization	4bf1cdf3-962c-4c31-9b58-6d774d92975a	read	marketplace.service_listing	4bf1cdf3-962c-4c31-9b58-6d774d92975a	2026-07-24 00:30:43.170171+00
9384e546-1046-4297-9fd4-9b40ff5f0dcc	organization	a810ae59-d950-47f4-be25-128934fca5f0	write	identity.organization	a810ae59-d950-47f4-be25-128934fca5f0	2026-07-24 01:11:20.888356+00
600089ea-6e3f-43f0-8204-0f94eedef83e	organization	a810ae59-d950-47f4-be25-128934fca5f0	read	identity.organization_role	a810ae59-d950-47f4-be25-128934fca5f0	2026-07-24 01:11:20.981478+00
3b3a4eac-1e80-4e3f-8974-407471973005	platform	\N	write	identity.organization	a810ae59-d950-47f4-be25-128934fca5f0	2026-07-24 01:11:21.052996+00
49c0ca6b-d906-45bc-b421-e552dc766e30	organization	a810ae59-d950-47f4-be25-128934fca5f0	read	identity.organization_role	a810ae59-d950-47f4-be25-128934fca5f0	2026-07-24 01:11:21.079784+00
b124d8fc-7d05-43cb-ba9a-1d93381e3117	organization	a810ae59-d950-47f4-be25-128934fca5f0	read	underwriting.loan_application	a810ae59-d950-47f4-be25-128934fca5f0	2026-07-24 01:11:21.121638+00
1595bfa3-ee91-4e21-927e-dac68b9032d8	organization	a810ae59-d950-47f4-be25-128934fca5f0	write	identity.organization_role	a810ae59-d950-47f4-be25-128934fca5f0	2026-07-24 01:11:21.184418+00
18481981-e32e-4b52-b77c-ba7ca0c2601a	platform	\N	read	identity.organization_role	\N	2026-07-24 01:11:21.288907+00
82bb8198-946f-4356-9c73-3df01368e1db	platform	\N	write	identity.organization_role	a810ae59-d950-47f4-be25-128934fca5f0	2026-07-24 01:11:21.323334+00
40ea753b-f5a1-4b5d-a7a8-24e6a25a5b98	organization	a810ae59-d950-47f4-be25-128934fca5f0	read	produce.delivery	a810ae59-d950-47f4-be25-128934fca5f0	2026-07-24 01:11:21.361914+00
e8c831bd-10b8-4c96-bd62-4e7539e9b769	organization	a810ae59-d950-47f4-be25-128934fca5f0	read	identity.organization_role	a810ae59-d950-47f4-be25-128934fca5f0	2026-07-24 01:11:21.390247+00
4064d2f5-40f1-4459-89a4-2a2f6db84081	organization	a810ae59-d950-47f4-be25-128934fca5f0	write	identity.organization_role	a810ae59-d950-47f4-be25-128934fca5f0	2026-07-24 01:11:41.334396+00
0552848a-8eb1-4f57-8d47-896a8c181891	platform	\N	write	identity.organization_role	a810ae59-d950-47f4-be25-128934fca5f0	2026-07-24 01:11:41.362398+00
d79aa0ab-dd23-4d8c-9143-6ba7c138b23f	organization	b1111111-0000-0000-0000-000000000001	read	underwriting.loan_application	b1111111-0000-0000-0000-000000000001	2026-07-24 01:12:01.584019+00
e141e3ac-12cd-4027-9ee9-46b86f841c1c	organization	b1111111-0000-0000-0000-000000000001	read	identity.organization_role	b1111111-0000-0000-0000-000000000001	2026-07-24 01:12:01.613577+00
fb484068-2cbc-4ecd-b1ac-a89231d3d0c5	organization	b0118a00-3682-47a9-9178-3e1035cf97f0	write	identity.organization	b0118a00-3682-47a9-9178-3e1035cf97f0	2026-07-24 01:12:58.459542+00
b1d66798-a944-4650-b70c-00816c617504	platform	\N	write	identity.organization	b0118a00-3682-47a9-9178-3e1035cf97f0	2026-07-24 01:12:59.75071+00
8af1ba95-9734-42d6-b38c-8683dda24b8c	organization	b0118a00-3682-47a9-9178-3e1035cf97f0	read	produce.delivery	b0118a00-3682-47a9-9178-3e1035cf97f0	2026-07-24 01:13:00.069443+00
8e0e9798-07c3-4bd0-b01a-91479d33c097	organization	b0118a00-3682-47a9-9178-3e1035cf97f0	read	produce.delivery	b0118a00-3682-47a9-9178-3e1035cf97f0	2026-07-24 01:13:00.125935+00
48702c6c-11ab-4c2d-bed6-0cd5c8ee6599	organization	b0118a00-3682-47a9-9178-3e1035cf97f0	read	produce.delivery	b0118a00-3682-47a9-9178-3e1035cf97f0	2026-07-24 01:13:00.157273+00
c83de91c-f463-4b6f-86f1-7534e03adcae	organization	b0118a00-3682-47a9-9178-3e1035cf97f0	read	contract.contract	b0118a00-3682-47a9-9178-3e1035cf97f0	2026-07-24 01:13:00.166319+00
6f20afec-8dec-4fe3-bdb4-9bd58b4bb58c	organization	b0118a00-3682-47a9-9178-3e1035cf97f0	read	contract.contract	b0118a00-3682-47a9-9178-3e1035cf97f0	2026-07-24 01:13:00.2028+00
de42ccba-2bba-478f-a0f5-fe6f8f434335	organization	b0118a00-3682-47a9-9178-3e1035cf97f0	read	identity.organization_role	b0118a00-3682-47a9-9178-3e1035cf97f0	2026-07-24 01:13:01.569086+00
381e2c69-132b-45ef-b458-65ed7bdeaeee	organization	b0118a00-3682-47a9-9178-3e1035cf97f0	write	identity.organization_role	b0118a00-3682-47a9-9178-3e1035cf97f0	2026-07-24 01:13:02.50659+00
7bd92bf4-5c76-4a15-95b2-4313abf6b195	organization	b0118a00-3682-47a9-9178-3e1035cf97f0	read	identity.organization_role	b0118a00-3682-47a9-9178-3e1035cf97f0	2026-07-24 01:13:02.521982+00
f0274bc5-a798-4cc7-8648-3b76e6b18476	platform	\N	read	identity.farmer	\N	2026-07-24 01:13:06.376417+00
0c1b9b74-9aa6-4842-a74d-9332b5da475a	platform	\N	read	identity.organization	\N	2026-07-24 01:13:06.382753+00
478cda94-8cc6-4abe-bcd1-b222c1d9df0e	platform	\N	read	identity.organization_role	\N	2026-07-24 01:13:06.384342+00
ae4370d4-3797-4e5d-a3b2-b5b1c9939d19	platform	\N	read	identity.farmer	\N	2026-07-24 01:13:06.391922+00
6d4b6aa1-2270-4937-8808-6fbfd1d37395	platform	\N	read	identity.farmer	\N	2026-07-24 01:13:06.402732+00
47d56747-ab45-4789-a2e3-e8d7a0fef836	platform	\N	read	identity.organization	\N	2026-07-24 01:13:06.427238+00
fab4590f-b390-4cb7-b61f-edf82a908bcc	platform	\N	write	identity.organization_role	b0118a00-3682-47a9-9178-3e1035cf97f0	2026-07-24 01:13:08.090784+00
e35cba18-0b35-4175-b100-80fb25438a8f	platform	\N	read	identity.farmer	\N	2026-07-24 01:13:08.125072+00
4ee1ad58-60d0-439c-a0cf-b826356c110b	platform	\N	read	identity.organization	\N	2026-07-24 01:13:08.125072+00
84411f58-ed8c-404a-899d-9065f8d40039	platform	\N	read	identity.farmer	\N	2026-07-24 01:13:08.125374+00
d739040d-5363-4c72-a27d-38c374635abb	platform	\N	read	identity.organization_role	\N	2026-07-24 01:13:08.126388+00
39e2e81d-d83c-48d4-8c46-dce656973582	platform	\N	read	identity.farmer	\N	2026-07-24 01:13:08.128962+00
1ed84b9e-28ba-4f13-9b40-72baf5713bd8	platform	\N	read	identity.organization	\N	2026-07-24 01:13:08.129331+00
e015cc89-8c5b-4ca8-bfe0-0dba96ef609d	organization	b0118a00-3682-47a9-9178-3e1035cf97f0	read	marketplace.service_listing	b0118a00-3682-47a9-9178-3e1035cf97f0	2026-07-24 01:13:09.826426+00
34b8c3dc-5920-4297-9009-7a5591737a04	organization	b0118a00-3682-47a9-9178-3e1035cf97f0	read	marketplace.service_listing	b0118a00-3682-47a9-9178-3e1035cf97f0	2026-07-24 01:13:09.853135+00
b877c097-da9b-4401-9a0f-bd82dc1e1eb2	organization	b0118a00-3682-47a9-9178-3e1035cf97f0	read	marketplace.vendor_photo	b0118a00-3682-47a9-9178-3e1035cf97f0	2026-07-24 01:13:09.853519+00
65f24e43-eed8-4baf-938f-935583e5d421	organization	b0118a00-3682-47a9-9178-3e1035cf97f0	read	identity.organization_role	b0118a00-3682-47a9-9178-3e1035cf97f0	2026-07-24 01:13:11.199307+00
ba94c880-a578-444f-8ccb-d5f1282af52d	organization	b1111111-0000-0000-0000-000000000001	read	underwriting.loan_application	b1111111-0000-0000-0000-000000000001	2026-07-24 01:14:41.973028+00
28f7dd38-0a2f-4db1-a4dc-c28433151104	organization	283ed3ff-636b-4f5c-8124-096f4b634c5b	write	identity.organization	283ed3ff-636b-4f5c-8124-096f4b634c5b	2026-07-24 01:15:38.764599+00
5cfb8484-7891-4209-a29c-4c13b93c77cb	organization	9bd31e8f-be6a-4566-8c0f-f951d1a8e7dc	write	identity.organization	9bd31e8f-be6a-4566-8c0f-f951d1a8e7dc	2026-07-24 01:15:49.878253+00
b7ad98d6-1dbe-417e-b921-ea662de005ef	platform	\N	write	identity.organization	9bd31e8f-be6a-4566-8c0f-f951d1a8e7dc	2026-07-24 01:15:51.143278+00
fa17a8bc-ec98-47ad-b356-a1dfac96451e	organization	9bd31e8f-be6a-4566-8c0f-f951d1a8e7dc	read	produce.delivery	9bd31e8f-be6a-4566-8c0f-f951d1a8e7dc	2026-07-24 01:15:51.459698+00
b63fa64e-900b-4dfe-8195-067df878ca55	organization	9bd31e8f-be6a-4566-8c0f-f951d1a8e7dc	read	produce.delivery	9bd31e8f-be6a-4566-8c0f-f951d1a8e7dc	2026-07-24 01:15:51.519212+00
2de1ebce-f112-45df-aa24-e76085f70f97	organization	9bd31e8f-be6a-4566-8c0f-f951d1a8e7dc	read	contract.contract	9bd31e8f-be6a-4566-8c0f-f951d1a8e7dc	2026-07-24 01:15:51.542417+00
6de1ae22-89b6-431b-8552-7ba4e8512efb	organization	9bd31e8f-be6a-4566-8c0f-f951d1a8e7dc	read	produce.delivery	9bd31e8f-be6a-4566-8c0f-f951d1a8e7dc	2026-07-24 01:15:51.555159+00
5eb2702c-70bd-4350-a0f0-61b20345b244	organization	9bd31e8f-be6a-4566-8c0f-f951d1a8e7dc	read	contract.contract	9bd31e8f-be6a-4566-8c0f-f951d1a8e7dc	2026-07-24 01:15:51.565837+00
ac2eb40e-7fa5-41f6-817f-5232343eff3e	organization	9bd31e8f-be6a-4566-8c0f-f951d1a8e7dc	read	identity.organization_role	9bd31e8f-be6a-4566-8c0f-f951d1a8e7dc	2026-07-24 01:15:52.973452+00
d782de20-67d1-45a4-ac8a-92104a1e7bff	organization	9bd31e8f-be6a-4566-8c0f-f951d1a8e7dc	write	identity.organization_role	9bd31e8f-be6a-4566-8c0f-f951d1a8e7dc	2026-07-24 01:15:53.915177+00
198672a6-258f-4861-b1a3-4c928b365f95	organization	9bd31e8f-be6a-4566-8c0f-f951d1a8e7dc	read	identity.organization_role	9bd31e8f-be6a-4566-8c0f-f951d1a8e7dc	2026-07-24 01:15:53.924839+00
8357a0c2-c955-44cc-b5b6-10e214ee2a2e	platform	\N	read	identity.farmer	\N	2026-07-24 01:15:57.589043+00
6809e542-5be1-484a-9203-242036aad833	platform	\N	read	identity.organization_role	\N	2026-07-24 01:15:57.595939+00
47fd9238-9c93-471a-9350-754045f792e5	platform	\N	read	identity.farmer	\N	2026-07-24 01:15:57.597136+00
fc48db02-0b3d-434c-93ec-eafc45bede1c	platform	\N	read	identity.organization	\N	2026-07-24 01:15:57.597346+00
2e4ce757-d5d6-41f0-9d4f-cc7290aa3769	platform	\N	read	identity.farmer	\N	2026-07-24 01:15:57.611576+00
def8eab7-1e08-480e-8668-7f3c80838b11	platform	\N	read	identity.organization	\N	2026-07-24 01:15:57.625606+00
5dc053ee-2d56-4bf2-80d0-4b9636b951b8	platform	\N	write	identity.organization_role	9bd31e8f-be6a-4566-8c0f-f951d1a8e7dc	2026-07-24 01:15:59.353957+00
9b6d8015-6ce8-4f94-ad11-6021b21a2d3f	platform	\N	read	identity.organization	\N	2026-07-24 01:15:59.37782+00
b93fdbc2-d227-4f79-bad2-d3f67d429890	platform	\N	read	identity.farmer	\N	2026-07-24 01:15:59.378343+00
95075b06-abe8-4bdd-af7a-a4b5018fe2f0	platform	\N	read	identity.farmer	\N	2026-07-24 01:15:59.380292+00
d5cca2df-b121-40e8-aaba-ee3203704b0a	platform	\N	read	identity.farmer	\N	2026-07-24 01:15:59.380518+00
d4d6f292-d03a-4fd0-a888-cd11edd38342	platform	\N	read	identity.organization	\N	2026-07-24 01:15:59.380876+00
d76b163e-ff02-4dbc-b809-c8ae5c254fc0	platform	\N	read	identity.organization_role	\N	2026-07-24 01:15:59.380889+00
6ae57655-722c-4428-a6b5-45252b55d0bf	organization	9bd31e8f-be6a-4566-8c0f-f951d1a8e7dc	read	marketplace.service_listing	9bd31e8f-be6a-4566-8c0f-f951d1a8e7dc	2026-07-24 01:16:01.186586+00
54876283-25a8-4577-aa6c-eea697693dcb	organization	9bd31e8f-be6a-4566-8c0f-f951d1a8e7dc	read	marketplace.vendor_photo	9bd31e8f-be6a-4566-8c0f-f951d1a8e7dc	2026-07-24 01:16:01.234748+00
d036ef28-824a-4c40-8a49-4a3b2386d342	organization	9bd31e8f-be6a-4566-8c0f-f951d1a8e7dc	read	marketplace.service_listing	9bd31e8f-be6a-4566-8c0f-f951d1a8e7dc	2026-07-24 01:16:01.239457+00
908a4eef-c1eb-462e-9d05-5fc25210850b	organization	9bd31e8f-be6a-4566-8c0f-f951d1a8e7dc	read	identity.organization_role	9bd31e8f-be6a-4566-8c0f-f951d1a8e7dc	2026-07-24 01:16:02.477226+00
2f210b12-5f8f-4424-8f1d-6c4a54cd5d3a	organization	5f33a95a-76a7-44bd-813d-f49accf1624f	write	identity.organization	5f33a95a-76a7-44bd-813d-f49accf1624f	2026-07-24 01:44:59.500721+00
f8f61d0b-53e3-4a63-b108-68bbaae49902	platform	\N	write	identity.organization	5f33a95a-76a7-44bd-813d-f49accf1624f	2026-07-24 01:44:59.589434+00
d87d2078-493c-40cb-904d-b3ec9c8e40e9	organization	5f33a95a-76a7-44bd-813d-f49accf1624f	read	marketplace.product_listing	5f33a95a-76a7-44bd-813d-f49accf1624f	2026-07-24 01:44:59.629108+00
0c798e98-1ab3-4189-9279-f45482978f74	organization	5f33a95a-76a7-44bd-813d-f49accf1624f	write	marketplace.product_listing	1e1741fa-cf5d-4313-bcc8-69334b9a098b	2026-07-24 01:44:59.694477+00
e0125d93-3fbf-435b-a9dd-84b2045b3590	organization	5f33a95a-76a7-44bd-813d-f49accf1624f	write	marketplace.product_listing	4960db09-9ac5-4c43-b763-4f4f2bc5f856	2026-07-24 01:44:59.760461+00
581c8b29-5fb1-4b0f-b020-47879a11e6eb	organization	5f33a95a-76a7-44bd-813d-f49accf1624f	write	marketplace.product_listing	a9b6cc76-346f-44ea-b39b-740db4838ab4	2026-07-24 01:44:59.82993+00
a4dd9fae-2ec7-458f-8b92-1e06293355a7	organization	5f33a95a-76a7-44bd-813d-f49accf1624f	read	marketplace.product_listing	5f33a95a-76a7-44bd-813d-f49accf1624f	2026-07-24 01:44:59.877958+00
30e06a5c-874a-4179-afec-5524b12afc2f	organization	5f33a95a-76a7-44bd-813d-f49accf1624f	read	marketplace.product_listing	5f33a95a-76a7-44bd-813d-f49accf1624f	2026-07-24 01:44:59.911125+00
c7b69a91-109a-4c33-92a5-83f37fb16ac8	organization	5f33a95a-76a7-44bd-813d-f49accf1624f	write	marketplace.product_listing	1e1741fa-cf5d-4313-bcc8-69334b9a098b	2026-07-24 01:44:59.945363+00
16ca56ab-f2ff-402a-bdc3-d99098a31678	organization	5f33a95a-76a7-44bd-813d-f49accf1624f	write	marketplace.product_photo	6d54eda0-e2d0-46a0-a296-9dbb53038560	2026-07-24 01:44:59.980931+00
bbbd9252-ece7-4a8d-b15b-11b80a811022	organization	5f33a95a-76a7-44bd-813d-f49accf1624f	write	marketplace.product_listing	4960db09-9ac5-4c43-b763-4f4f2bc5f856	2026-07-24 01:45:00.054779+00
d677e264-f625-4625-85fd-3e990074e5c4	organization	5f33a95a-76a7-44bd-813d-f49accf1624f	read	marketplace.product_listing	5f33a95a-76a7-44bd-813d-f49accf1624f	2026-07-24 01:45:00.068312+00
9243f302-8538-48c8-bdd7-2bc386315a7b	organization	867ca3ed-0ae4-4c47-ae40-969f06978a8d	write	identity.organization	867ca3ed-0ae4-4c47-ae40-969f06978a8d	2026-07-24 01:45:00.119647+00
2f2366b1-a9c4-4bd8-9f55-72bc65166b62	platform	\N	write	identity.organization	867ca3ed-0ae4-4c47-ae40-969f06978a8d	2026-07-24 01:45:00.174384+00
10689e3a-121b-4f41-a353-7a269fa02f94	organization	b2222222-0000-0000-0000-000000000001	read	marketplace.buy_price_quote	b2222222-0000-0000-0000-000000000001	2026-07-24 01:45:00.265684+00
5b55c4b3-93d6-47b8-8da3-c7710c0f29d3	organization	b2222222-0000-0000-0000-000000000001	write	marketplace.buy_price_quote	b2222222-0000-0000-0000-000000000001	2026-07-24 01:45:00.306208+00
ec8acc03-6394-454a-bcc7-a762c7c2f6fc	organization	b2222222-0000-0000-0000-000000000001	read	marketplace.buy_price_quote	b2222222-0000-0000-0000-000000000001	2026-07-24 01:45:00.337304+00
3ca8b7c1-0e27-43cb-91db-307923c4cb3b	organization	183c21d6-1c96-4936-831d-0ab6aa5f954c	write	identity.organization	183c21d6-1c96-4936-831d-0ab6aa5f954c	2026-07-24 01:45:00.509455+00
5a6f1e11-51ad-43b0-a341-92016f159347	platform	\N	write	identity.organization	183c21d6-1c96-4936-831d-0ab6aa5f954c	2026-07-24 01:45:00.56106+00
59349b55-f4ed-4e82-b748-8acea5a4695f	organization	183c21d6-1c96-4936-831d-0ab6aa5f954c	write	marketplace.buy_price_quote	183c21d6-1c96-4936-831d-0ab6aa5f954c	2026-07-24 01:45:00.58216+00
e4caf4d8-f646-474b-b723-e0ea7b337dbe	organization	183c21d6-1c96-4936-831d-0ab6aa5f954c	write	marketplace.buy_price_quote	183c21d6-1c96-4936-831d-0ab6aa5f954c	2026-07-24 01:45:00.618026+00
0ddc756c-566f-4cc8-bfa1-5203cb6d91dd	organization	b84847d2-96f0-46a5-9f83-44e43bf089cb	write	identity.organization	b84847d2-96f0-46a5-9f83-44e43bf089cb	2026-07-24 01:51:00.904384+00
826a9fda-797c-41aa-86e5-7f40f042063d	platform	\N	write	identity.organization	b84847d2-96f0-46a5-9f83-44e43bf089cb	2026-07-24 01:51:02.19292+00
8949f9ed-724b-4d43-9dea-62f533930d58	organization	b84847d2-96f0-46a5-9f83-44e43bf089cb	read	marketplace.product_listing	b84847d2-96f0-46a5-9f83-44e43bf089cb	2026-07-24 01:51:02.637011+00
55c39794-69d8-4993-86c9-e4ecc3c195dd	organization	b84847d2-96f0-46a5-9f83-44e43bf089cb	read	marketplace.product_listing	b84847d2-96f0-46a5-9f83-44e43bf089cb	2026-07-24 01:51:02.661762+00
ba7a9b30-90ea-4131-b701-f2dd160d8449	organization	b84847d2-96f0-46a5-9f83-44e43bf089cb	write	marketplace.product_listing	58ea04c1-68b6-45d1-8c0a-f3cbcc39d397	2026-07-24 01:51:03.847556+00
e631b37c-d1e4-45b8-bf7f-9001b04c1890	organization	b84847d2-96f0-46a5-9f83-44e43bf089cb	read	marketplace.product_listing	b84847d2-96f0-46a5-9f83-44e43bf089cb	2026-07-24 01:51:03.862392+00
483ae9e9-8921-4507-89d8-6e9f7a02c98d	organization	b84847d2-96f0-46a5-9f83-44e43bf089cb	read	marketplace.product_listing	b84847d2-96f0-46a5-9f83-44e43bf089cb	2026-07-24 01:51:03.876496+00
01eb1ee3-6d2a-4ba5-add0-2d51a788cf52	organization	b84847d2-96f0-46a5-9f83-44e43bf089cb	write	marketplace.product_listing	cd520db5-8438-4c5f-87af-cdc0e4c2345e	2026-07-24 01:51:05.045959+00
72be299f-5fb7-42e0-afaf-69326325e1ee	organization	b84847d2-96f0-46a5-9f83-44e43bf089cb	read	marketplace.product_listing	b84847d2-96f0-46a5-9f83-44e43bf089cb	2026-07-24 01:51:05.057755+00
a889f67f-90d8-44da-aa97-74abfb0b2f77	organization	b84847d2-96f0-46a5-9f83-44e43bf089cb	read	marketplace.product_listing	b84847d2-96f0-46a5-9f83-44e43bf089cb	2026-07-24 01:51:05.059022+00
c99d49c7-d1e7-4ca0-b4c3-9b9effb946da	organization	b84847d2-96f0-46a5-9f83-44e43bf089cb	write	marketplace.product_photo	b9a4a555-d9ae-412e-9eb1-d6b63ad20d5f	2026-07-24 01:51:06.123524+00
6e1e7817-2b5b-425f-91ce-a2b60517a1fe	organization	b84847d2-96f0-46a5-9f83-44e43bf089cb	read	marketplace.product_listing	b84847d2-96f0-46a5-9f83-44e43bf089cb	2026-07-24 01:51:06.133445+00
ca46a24e-ec27-4b45-8a1e-58ca2d8dfb85	organization	b84847d2-96f0-46a5-9f83-44e43bf089cb	read	marketplace.product_listing	b84847d2-96f0-46a5-9f83-44e43bf089cb	2026-07-24 01:51:06.136147+00
9bb26008-364a-4489-b806-b7937fcec5c2	organization	b84847d2-96f0-46a5-9f83-44e43bf089cb	read	marketplace.product_listing	b84847d2-96f0-46a5-9f83-44e43bf089cb	2026-07-24 01:51:07.238276+00
51614145-5027-493c-bac8-b4f9b015039f	organization	b84847d2-96f0-46a5-9f83-44e43bf089cb	read	marketplace.product_listing	b84847d2-96f0-46a5-9f83-44e43bf089cb	2026-07-24 01:51:07.844647+00
24029848-aae2-4e7c-9313-6fc0dbb24f99	organization	b84847d2-96f0-46a5-9f83-44e43bf089cb	write	marketplace.product_listing	cd520db5-8438-4c5f-87af-cdc0e4c2345e	2026-07-24 01:51:08.829579+00
ab369ead-f10a-4fab-8409-5c7c461629e0	organization	b84847d2-96f0-46a5-9f83-44e43bf089cb	read	marketplace.product_listing	b84847d2-96f0-46a5-9f83-44e43bf089cb	2026-07-24 01:51:08.841069+00
c6226a2c-f3b9-48ae-9ce6-eccf5ed57103	organization	b84847d2-96f0-46a5-9f83-44e43bf089cb	read	marketplace.product_listing	b84847d2-96f0-46a5-9f83-44e43bf089cb	2026-07-24 01:51:08.841788+00
abcd1a00-38af-4484-bcd2-fd0a5793cd74	organization	b84847d2-96f0-46a5-9f83-44e43bf089cb	write	marketplace.product_listing	58ea04c1-68b6-45d1-8c0a-f3cbcc39d397	2026-07-24 01:51:09.996874+00
5a771ba2-8073-4cdb-9d79-05a44ed9003d	organization	b84847d2-96f0-46a5-9f83-44e43bf089cb	read	marketplace.product_listing	b84847d2-96f0-46a5-9f83-44e43bf089cb	2026-07-24 01:51:10.00787+00
6330eb9b-8f36-4211-a486-55be03ca5abf	organization	b84847d2-96f0-46a5-9f83-44e43bf089cb	read	marketplace.product_listing	b84847d2-96f0-46a5-9f83-44e43bf089cb	2026-07-24 01:51:10.008496+00
abd68acd-1e80-4626-9392-83694cd632f3	organization	b84847d2-96f0-46a5-9f83-44e43bf089cb	read	marketplace.product_listing	b84847d2-96f0-46a5-9f83-44e43bf089cb	2026-07-24 01:51:11.260774+00
b6a7310b-0344-42a8-a2d6-943bc72aa55d	organization	b84847d2-96f0-46a5-9f83-44e43bf089cb	read	marketplace.product_listing	b84847d2-96f0-46a5-9f83-44e43bf089cb	2026-07-24 01:51:11.288073+00
7c228b24-36f9-400a-b34d-92ff5d1492f6	organization	b2222222-0000-0000-0000-000000000001	read	produce.delivery	b2222222-0000-0000-0000-000000000001	2026-07-24 01:51:13.314266+00
53eec9ca-3c59-4398-87bd-61c14826ae5d	organization	b2222222-0000-0000-0000-000000000001	read	produce.delivery	b2222222-0000-0000-0000-000000000001	2026-07-24 01:51:13.374727+00
1d6766cb-980f-48f6-aa15-05c3a3c1f31d	organization	b2222222-0000-0000-0000-000000000001	read	produce.delivery	b2222222-0000-0000-0000-000000000001	2026-07-24 01:51:13.377846+00
2d53b8dd-42d3-46c3-8883-01142f177216	organization	b2222222-0000-0000-0000-000000000001	read	marketplace.buy_price_quote	b2222222-0000-0000-0000-000000000001	2026-07-24 01:51:13.423319+00
77fe188f-881f-47ed-9114-dd181cc36a17	organization	b2222222-0000-0000-0000-000000000001	read	contract.contract	b2222222-0000-0000-0000-000000000001	2026-07-24 01:51:13.436484+00
173cbde9-f0a3-4e38-845f-631a70274d86	organization	b2222222-0000-0000-0000-000000000001	read	contract.contract	b2222222-0000-0000-0000-000000000001	2026-07-24 01:51:13.45481+00
da7d9fd0-745b-4458-9ab7-72e33852babe	organization	b2222222-0000-0000-0000-000000000001	read	produce.delivery	b2222222-0000-0000-0000-000000000001	2026-07-24 01:51:16.178733+00
867d3192-0651-4e33-8d73-cd977408cfef	organization	b2222222-0000-0000-0000-000000000001	read	produce.delivery	b2222222-0000-0000-0000-000000000001	2026-07-24 01:51:16.204759+00
bb353cde-e3f8-4c9a-89a8-5ce8c434dd14	organization	b2222222-0000-0000-0000-000000000001	read	marketplace.buy_price_quote	b2222222-0000-0000-0000-000000000001	2026-07-24 01:51:16.214852+00
050f0702-299a-4b84-b6d6-a91b102c92ca	organization	b2222222-0000-0000-0000-000000000001	read	produce.delivery	b2222222-0000-0000-0000-000000000001	2026-07-24 01:51:16.215078+00
4676763e-9360-4f7a-acb2-53773ad1608f	organization	b2222222-0000-0000-0000-000000000001	read	contract.contract	b2222222-0000-0000-0000-000000000001	2026-07-24 01:51:16.217833+00
1057d5b2-c117-491e-a3f0-0e92774fc7a2	organization	b2222222-0000-0000-0000-000000000001	read	contract.contract	b2222222-0000-0000-0000-000000000001	2026-07-24 01:51:16.25002+00
c77ba084-bcb1-4270-90be-6995421eec78	farmer	11111111-1111-1111-1111-111111111111	read	notification.notification_log	11111111-1111-1111-1111-111111111111	2026-07-24 01:51:17.988014+00
4ef362ea-9908-4cd9-b3e3-251b9e4f08c9	farmer	11111111-1111-1111-1111-111111111111	read	underwriting.loan_application	11111111-1111-1111-1111-111111111111	2026-07-24 01:51:17.990305+00
0a4e0390-504f-4d0f-b19d-240b15300f2b	farmer	11111111-1111-1111-1111-111111111111	read	contract.contract	11111111-1111-1111-1111-111111111111	2026-07-24 01:51:17.992646+00
1f41031e-b899-4ae8-9610-828dc328fae1	farmer	11111111-1111-1111-1111-111111111111	read	risk.credit_score	11111111-1111-1111-1111-111111111111	2026-07-24 01:51:17.995232+00
7937e179-ae98-4a18-9d91-81b136a5a51d	farmer	11111111-1111-1111-1111-111111111111	read	reporting.v_farmer_360	11111111-1111-1111-1111-111111111111	2026-07-24 01:51:18.396009+00
5cf4abe1-8ece-4619-9169-0ef72dc9aa87	farmer	11111111-1111-1111-1111-111111111111	read	registry.production_unit	11111111-1111-1111-1111-111111111111	2026-07-24 01:51:18.66132+00
6b1c2b3a-7d9e-4acd-b138-77966abf4daf	organization	b2222222-0000-0000-0000-000000000001	read	produce.delivery	b2222222-0000-0000-0000-000000000001	2026-07-24 01:52:03.27679+00
fd3bd94f-093a-441e-b691-8a1b60af5b38	organization	b2222222-0000-0000-0000-000000000001	read	produce.delivery	b2222222-0000-0000-0000-000000000001	2026-07-24 01:52:03.331681+00
7811a1b2-5808-4e41-8f97-8bc0d20c8827	organization	b2222222-0000-0000-0000-000000000001	read	produce.delivery	b2222222-0000-0000-0000-000000000001	2026-07-24 01:52:03.347034+00
07b76ecb-0411-48b5-bc95-067235eafb73	organization	b2222222-0000-0000-0000-000000000001	read	contract.contract	b2222222-0000-0000-0000-000000000001	2026-07-24 01:52:03.374027+00
73f36679-d4ad-4ef7-a6c1-e3adbacdea1c	organization	b2222222-0000-0000-0000-000000000001	read	marketplace.buy_price_quote	b2222222-0000-0000-0000-000000000001	2026-07-24 01:52:03.375199+00
2c160395-cd7f-42a4-8958-67f216af9668	organization	b2222222-0000-0000-0000-000000000001	read	contract.contract	b2222222-0000-0000-0000-000000000001	2026-07-24 01:52:03.398523+00
b83b8a1c-c303-4c72-b118-44b6d59285d1	organization	b2222222-0000-0000-0000-000000000001	read	produce.delivery	b2222222-0000-0000-0000-000000000001	2026-07-24 01:52:31.223271+00
659b18f1-c8c5-4d85-8327-6791b426194f	organization	b2222222-0000-0000-0000-000000000001	read	produce.delivery	b2222222-0000-0000-0000-000000000001	2026-07-24 01:52:31.332044+00
6109e28f-d0be-4568-bd0b-db8e3fb11507	organization	b2222222-0000-0000-0000-000000000001	read	produce.delivery	b2222222-0000-0000-0000-000000000001	2026-07-24 01:52:31.330946+00
9a217690-709b-468d-8f2b-c2bc27a647cb	organization	b2222222-0000-0000-0000-000000000001	read	contract.contract	b2222222-0000-0000-0000-000000000001	2026-07-24 01:52:31.333963+00
b6026cda-675c-4a6a-b2ac-b41038faae7e	organization	b2222222-0000-0000-0000-000000000001	read	contract.contract	b2222222-0000-0000-0000-000000000001	2026-07-24 01:52:31.368744+00
8ca8bfc8-5220-4563-873d-66e46cde577e	organization	b2222222-0000-0000-0000-000000000001	read	produce.delivery	b2222222-0000-0000-0000-000000000001	2026-07-24 01:52:46.611569+00
89a28b62-8a9a-41ed-9253-0bb6ea3bb300	organization	b2222222-0000-0000-0000-000000000001	read	produce.delivery	b2222222-0000-0000-0000-000000000001	2026-07-24 01:52:46.728327+00
c142d28b-8b50-407e-b0de-48b04d65d79b	organization	b2222222-0000-0000-0000-000000000001	read	marketplace.buy_price_quote	b2222222-0000-0000-0000-000000000001	2026-07-24 01:52:46.748173+00
91f3e33c-7d8e-4269-819c-0f47fc3ce712	organization	b2222222-0000-0000-0000-000000000001	read	marketplace.buy_price_quote	b2222222-0000-0000-0000-000000000001	2026-07-24 01:52:31.338462+00
c7a8efbf-c83b-4386-a3c5-7743e0723703	organization	b2222222-0000-0000-0000-000000000001	read	produce.delivery	b2222222-0000-0000-0000-000000000001	2026-07-24 01:52:46.713343+00
1c9cf7ab-f8e9-45ac-9c67-76752acbdcc5	organization	b2222222-0000-0000-0000-000000000001	read	contract.contract	b2222222-0000-0000-0000-000000000001	2026-07-24 01:52:46.718279+00
0f59bf7e-7885-4a7c-849f-d54aa00385ee	organization	b2222222-0000-0000-0000-000000000001	read	contract.contract	b2222222-0000-0000-0000-000000000001	2026-07-24 01:52:46.740084+00
9c52cd2e-37a9-41c1-ba81-52ba3dc75767	organization	b2222222-0000-0000-0000-000000000001	read	produce.delivery	b2222222-0000-0000-0000-000000000001	2026-07-24 01:53:29.228184+00
f0add8a4-d7d7-4239-849e-ea53f784cdc9	organization	b2222222-0000-0000-0000-000000000001	read	produce.delivery	b2222222-0000-0000-0000-000000000001	2026-07-24 01:53:29.282299+00
25778914-4409-4ebf-9c56-bdb6f5e6ae59	organization	b2222222-0000-0000-0000-000000000001	read	contract.contract	b2222222-0000-0000-0000-000000000001	2026-07-24 01:53:29.306347+00
74dfe4be-f933-4756-86d1-02207203187a	organization	b2222222-0000-0000-0000-000000000001	read	produce.delivery	b2222222-0000-0000-0000-000000000001	2026-07-24 01:53:29.310002+00
30e9b7b3-3f00-4fa2-b11e-601b8663d215	organization	b2222222-0000-0000-0000-000000000001	read	marketplace.buy_price_quote	b2222222-0000-0000-0000-000000000001	2026-07-24 01:53:29.324379+00
9aa9c205-df37-4a9b-b60d-0d761d57ba77	organization	b2222222-0000-0000-0000-000000000001	read	contract.contract	b2222222-0000-0000-0000-000000000001	2026-07-24 01:53:29.338822+00
da68a378-3a37-4676-9a6e-65f82dc47c7e	organization	b2222222-0000-0000-0000-000000000001	read	produce.delivery	b2222222-0000-0000-0000-000000000001	2026-07-24 01:53:49.456303+00
0b0b1c2a-593a-456c-8a82-78b937484847	organization	b2222222-0000-0000-0000-000000000001	read	produce.delivery	b2222222-0000-0000-0000-000000000001	2026-07-24 01:53:49.512916+00
ecc3e659-4f68-467a-9449-f96b30091e2c	organization	b2222222-0000-0000-0000-000000000001	read	produce.delivery	b2222222-0000-0000-0000-000000000001	2026-07-24 01:53:49.523231+00
387a7d5e-328f-46e5-91bb-e444fbe70924	organization	b2222222-0000-0000-0000-000000000001	read	marketplace.buy_price_quote	b2222222-0000-0000-0000-000000000001	2026-07-24 01:53:49.524832+00
e92894ff-d7b9-4100-84ac-8fa1f0afa7fe	organization	b2222222-0000-0000-0000-000000000001	read	contract.contract	b2222222-0000-0000-0000-000000000001	2026-07-24 01:53:49.527912+00
ee78ed1a-5ab2-47f8-ac99-92ded48af3b4	organization	b2222222-0000-0000-0000-000000000001	read	contract.contract	b2222222-0000-0000-0000-000000000001	2026-07-24 01:53:49.556384+00
e2957561-2739-4b81-b9b2-5406cdd90380	organization	b2222222-0000-0000-0000-000000000001	write	marketplace.buy_price_quote	b2222222-0000-0000-0000-000000000001	2026-07-24 01:53:50.970273+00
0ee5696e-7479-4bfc-a6ef-fc596faaa0e2	organization	311e4729-8cd6-43de-a21a-1fd8c21e78a6	write	identity.organization	311e4729-8cd6-43de-a21a-1fd8c21e78a6	2026-07-24 01:54:00.689914+00
6c4cd822-e32a-4711-8c92-605bb9abdf93	platform	\N	write	identity.organization	311e4729-8cd6-43de-a21a-1fd8c21e78a6	2026-07-24 01:54:01.946398+00
47d49194-d134-465b-a0f7-1ebe14e02ac9	organization	311e4729-8cd6-43de-a21a-1fd8c21e78a6	read	marketplace.product_listing	311e4729-8cd6-43de-a21a-1fd8c21e78a6	2026-07-24 01:54:02.23934+00
7e0f6a97-4835-4ea2-8abd-0949a1774557	organization	311e4729-8cd6-43de-a21a-1fd8c21e78a6	read	marketplace.product_listing	311e4729-8cd6-43de-a21a-1fd8c21e78a6	2026-07-24 01:54:02.255743+00
812da263-919a-4b06-aefd-7827aae163d4	organization	311e4729-8cd6-43de-a21a-1fd8c21e78a6	write	marketplace.product_listing	040804d1-49d7-4efa-bc93-d9ca64e0a1ea	2026-07-24 01:54:03.48275+00
4f2d4b85-9190-42d3-847c-a5e6ae00ef27	organization	311e4729-8cd6-43de-a21a-1fd8c21e78a6	read	marketplace.product_listing	311e4729-8cd6-43de-a21a-1fd8c21e78a6	2026-07-24 01:54:03.494112+00
9a5a9d57-2f50-4d63-b784-da05ceb52873	organization	311e4729-8cd6-43de-a21a-1fd8c21e78a6	read	marketplace.product_listing	311e4729-8cd6-43de-a21a-1fd8c21e78a6	2026-07-24 01:54:03.497218+00
16988872-1dfa-4aee-b5ff-85ad6c9aa1c2	organization	311e4729-8cd6-43de-a21a-1fd8c21e78a6	write	marketplace.product_listing	757aa765-70a4-4265-93a3-3876e0703bb8	2026-07-24 01:54:04.697634+00
c8432544-de30-4c48-8578-661bea568359	organization	311e4729-8cd6-43de-a21a-1fd8c21e78a6	read	marketplace.product_listing	311e4729-8cd6-43de-a21a-1fd8c21e78a6	2026-07-24 01:54:04.712252+00
2b6acad9-3353-472d-a01d-336c508009d1	organization	311e4729-8cd6-43de-a21a-1fd8c21e78a6	read	marketplace.product_listing	311e4729-8cd6-43de-a21a-1fd8c21e78a6	2026-07-24 01:54:04.713472+00
a7a24201-6521-4061-acf4-5d4e8a0b9f76	organization	311e4729-8cd6-43de-a21a-1fd8c21e78a6	write	marketplace.product_photo	80c29e36-cea5-471e-9206-582697203544	2026-07-24 01:54:05.769376+00
a593388a-8378-4ae8-8f94-d433d6acd88b	organization	311e4729-8cd6-43de-a21a-1fd8c21e78a6	read	marketplace.product_listing	311e4729-8cd6-43de-a21a-1fd8c21e78a6	2026-07-24 01:54:05.784098+00
9f7e4652-cd4e-426f-9d2d-16160c1340f8	organization	311e4729-8cd6-43de-a21a-1fd8c21e78a6	read	marketplace.product_listing	311e4729-8cd6-43de-a21a-1fd8c21e78a6	2026-07-24 01:54:05.79275+00
6e37957d-e712-4ad6-a5d0-7481efa45b0c	organization	311e4729-8cd6-43de-a21a-1fd8c21e78a6	read	marketplace.product_listing	311e4729-8cd6-43de-a21a-1fd8c21e78a6	2026-07-24 01:54:06.874102+00
e022faea-ced8-4ff5-bcf7-7c160826aa16	organization	311e4729-8cd6-43de-a21a-1fd8c21e78a6	read	marketplace.product_listing	311e4729-8cd6-43de-a21a-1fd8c21e78a6	2026-07-24 01:54:07.483478+00
13a7a0e3-4ed7-4a1f-bdec-75c85ca40f31	organization	311e4729-8cd6-43de-a21a-1fd8c21e78a6	write	marketplace.product_listing	757aa765-70a4-4265-93a3-3876e0703bb8	2026-07-24 01:54:08.469902+00
ce687406-a5df-41ac-9aa1-f62c788be56a	organization	311e4729-8cd6-43de-a21a-1fd8c21e78a6	read	marketplace.product_listing	311e4729-8cd6-43de-a21a-1fd8c21e78a6	2026-07-24 01:54:08.48381+00
571378cb-dc3b-41a1-8c30-1e8ab7a58171	organization	311e4729-8cd6-43de-a21a-1fd8c21e78a6	read	marketplace.product_listing	311e4729-8cd6-43de-a21a-1fd8c21e78a6	2026-07-24 01:54:08.484344+00
65eb37f8-8c69-4c54-9a80-598052395560	organization	311e4729-8cd6-43de-a21a-1fd8c21e78a6	write	marketplace.product_listing	040804d1-49d7-4efa-bc93-d9ca64e0a1ea	2026-07-24 01:54:09.618957+00
1b4af236-a252-4887-82e4-ffe1167f4977	organization	311e4729-8cd6-43de-a21a-1fd8c21e78a6	read	marketplace.product_listing	311e4729-8cd6-43de-a21a-1fd8c21e78a6	2026-07-24 01:54:09.631103+00
b0fc3eb6-686f-4b67-98f3-9e96e8629319	organization	311e4729-8cd6-43de-a21a-1fd8c21e78a6	read	marketplace.product_listing	311e4729-8cd6-43de-a21a-1fd8c21e78a6	2026-07-24 01:54:09.632575+00
26f20b35-ea22-4ca8-9fd3-625d6b87a210	organization	311e4729-8cd6-43de-a21a-1fd8c21e78a6	read	marketplace.product_listing	311e4729-8cd6-43de-a21a-1fd8c21e78a6	2026-07-24 01:54:10.901602+00
6a6bcd0a-af35-45da-9985-d5b0400f4d5d	organization	311e4729-8cd6-43de-a21a-1fd8c21e78a6	read	marketplace.product_listing	311e4729-8cd6-43de-a21a-1fd8c21e78a6	2026-07-24 01:54:10.917199+00
6c6051e1-546c-44d7-a934-2c92d4b3eb1e	organization	b2222222-0000-0000-0000-000000000001	read	produce.delivery	b2222222-0000-0000-0000-000000000001	2026-07-24 01:54:12.910283+00
9ef2f20d-3c8b-4219-a221-38a9aca47253	organization	b2222222-0000-0000-0000-000000000001	read	produce.delivery	b2222222-0000-0000-0000-000000000001	2026-07-24 01:54:12.966307+00
baf20098-0c8b-43cc-bb17-b3a177851238	organization	b2222222-0000-0000-0000-000000000001	read	contract.contract	b2222222-0000-0000-0000-000000000001	2026-07-24 01:54:12.970762+00
dc48ae0c-1e17-4b60-9d7f-be703df7f607	organization	b2222222-0000-0000-0000-000000000001	read	marketplace.buy_price_quote	b2222222-0000-0000-0000-000000000001	2026-07-24 01:54:12.973316+00
9b505be9-562b-4c00-a7e9-88bd2d5b435d	organization	b2222222-0000-0000-0000-000000000001	read	produce.delivery	b2222222-0000-0000-0000-000000000001	2026-07-24 01:54:12.975167+00
af9190b4-db4b-4dd4-978d-3ddb2d39e2d3	organization	b2222222-0000-0000-0000-000000000001	read	contract.contract	b2222222-0000-0000-0000-000000000001	2026-07-24 01:54:13.012266+00
8bcffcaa-6197-477f-b861-13e2d14ac779	organization	b2222222-0000-0000-0000-000000000001	write	marketplace.buy_price_quote	b2222222-0000-0000-0000-000000000001	2026-07-24 01:54:14.257916+00
a2855340-e8dc-430e-88d7-aded1236b58c	organization	b2222222-0000-0000-0000-000000000001	read	marketplace.buy_price_quote	b2222222-0000-0000-0000-000000000001	2026-07-24 01:54:14.266125+00
f99363ff-9c82-47b5-bc4c-ce55d692d04a	organization	b2222222-0000-0000-0000-000000000001	read	produce.delivery	b2222222-0000-0000-0000-000000000001	2026-07-24 01:54:15.758839+00
face7632-f4a4-4942-891e-32757b78eb5b	organization	b2222222-0000-0000-0000-000000000001	read	produce.delivery	b2222222-0000-0000-0000-000000000001	2026-07-24 01:54:15.794038+00
63c2f548-1e93-4713-af6d-47b98a1a329b	organization	b2222222-0000-0000-0000-000000000001	read	contract.contract	b2222222-0000-0000-0000-000000000001	2026-07-24 01:54:15.799236+00
e8ca541c-509d-4902-99ae-edecf0b022a0	organization	b2222222-0000-0000-0000-000000000001	read	marketplace.buy_price_quote	b2222222-0000-0000-0000-000000000001	2026-07-24 01:54:15.799502+00
67698f40-eef4-4496-a1ab-9101513ba352	organization	b2222222-0000-0000-0000-000000000001	read	produce.delivery	b2222222-0000-0000-0000-000000000001	2026-07-24 01:54:15.800733+00
ad7b8452-0fe6-4629-bc3d-3ff87bcfffaa	organization	b2222222-0000-0000-0000-000000000001	read	contract.contract	b2222222-0000-0000-0000-000000000001	2026-07-24 01:54:15.841233+00
056c462a-0856-407a-bb66-206742c724bd	farmer	11111111-1111-1111-1111-111111111111	read	registry.production_unit	11111111-1111-1111-1111-111111111111	2026-07-24 01:54:17.547931+00
a3925898-857f-4735-9351-fff5b3f140fe	farmer	11111111-1111-1111-1111-111111111111	read	reporting.v_farmer_360	11111111-1111-1111-1111-111111111111	2026-07-24 01:54:17.548297+00
500d0e1d-8f76-4491-8958-fccc04a29db7	farmer	11111111-1111-1111-1111-111111111111	read	underwriting.loan_application	11111111-1111-1111-1111-111111111111	2026-07-24 01:54:17.54875+00
a1a3fc91-568e-45e1-8a28-bbd59b5b3a53	farmer	11111111-1111-1111-1111-111111111111	read	notification.notification_log	11111111-1111-1111-1111-111111111111	2026-07-24 01:54:17.549721+00
eacc04b1-ca42-4fdd-ac9c-21785bff0605	farmer	11111111-1111-1111-1111-111111111111	read	risk.credit_score	11111111-1111-1111-1111-111111111111	2026-07-24 01:54:17.550999+00
188ce150-9152-4612-99e4-48b7dea98dcc	farmer	11111111-1111-1111-1111-111111111111	read	contract.contract	11111111-1111-1111-1111-111111111111	2026-07-24 01:54:17.551671+00
8f67c6d3-c8a7-485c-a9b8-12c5b7208789	organization	b1111111-0000-0000-0000-000000000001	read	underwriting.loan_application	b1111111-0000-0000-0000-000000000001	2026-07-24 01:54:37.226874+00
45ab334a-10b0-40c0-8230-06da9a1b5e8b	organization	b2222222-0000-0000-0000-000000000001	read	produce.delivery	b2222222-0000-0000-0000-000000000001	2026-07-24 01:54:37.261302+00
c7344c0b-e5fd-4c48-80f0-ecbd29a8f68c	organization	7041c18a-db3d-49fb-bfe3-4ed1eb9904e5	write	identity.organization	7041c18a-db3d-49fb-bfe3-4ed1eb9904e5	2026-07-24 02:11:47.492099+00
8700ff01-a90b-4cae-b19d-2408851755a8	organization	92daf924-5ce4-4432-9356-7058d8171286	write	identity.organization	92daf924-5ce4-4432-9356-7058d8171286	2026-07-24 02:11:55.26738+00
f9ec9e28-8834-4bcb-976d-a82675e5270b	organization	5e2944da-563f-4965-93fa-77a64e8a7cbc	write	identity.organization	5e2944da-563f-4965-93fa-77a64e8a7cbc	2026-07-24 03:05:30.87366+00
0b26ff12-dee6-44c8-a119-7f21253d7a21	platform	\N	write	identity.organization	5e2944da-563f-4965-93fa-77a64e8a7cbc	2026-07-24 03:05:31.167472+00
1fc233bc-63a4-4487-86ce-611499171e53	organization	5e2944da-563f-4965-93fa-77a64e8a7cbc	write	marketplace.product_listing	e54aa06f-e83a-4db1-bc67-7eb6ded59ff2	2026-07-24 03:05:31.279208+00
52650122-9d8a-493b-9f49-25a4f5845bdb	organization	5e2944da-563f-4965-93fa-77a64e8a7cbc	write	marketplace.product_listing	6c498296-baf0-4ef4-a81c-c94e32bbc7f8	2026-07-24 03:05:31.306016+00
d6112aa6-dc9d-4853-98d5-36b895884985	farmer	11111111-1111-1111-1111-111111111111	write	marketplace.product_order	eb86bb91-e41e-4bf4-9872-092862943f06	2026-07-24 03:05:31.44148+00
ca97f743-769d-4597-a7c6-9c7f48f9867f	farmer	11111111-1111-1111-1111-111111111111	read	marketplace.product_order	11111111-1111-1111-1111-111111111111	2026-07-24 03:05:31.50495+00
023c756d-d798-4f01-9829-bdf03e1567be	organization	5e2944da-563f-4965-93fa-77a64e8a7cbc	read	marketplace.product_order	5e2944da-563f-4965-93fa-77a64e8a7cbc	2026-07-24 03:05:31.528867+00
ab9df6f6-2c8c-4370-a5c6-23b75af4ff2b	organization	5e2944da-563f-4965-93fa-77a64e8a7cbc	write	marketplace.product_order	eb86bb91-e41e-4bf4-9872-092862943f06	2026-07-24 03:05:31.554814+00
01438f39-882a-4132-bb69-1818bf7a0414	organization	5e2944da-563f-4965-93fa-77a64e8a7cbc	write	marketplace.product_order	eb86bb91-e41e-4bf4-9872-092862943f06	2026-07-24 03:05:31.595803+00
f30d22c6-57ff-42c7-af06-6650dde4430f	farmer	11111111-1111-1111-1111-111111111111	write	marketplace.product_order	77c1cfe3-eb6b-431a-8598-efbc583665fb	2026-07-24 03:05:31.623469+00
a8bd789d-de4e-4eb0-a7fa-0df09609bb68	organization	5e2944da-563f-4965-93fa-77a64e8a7cbc	write	marketplace.product_order	77c1cfe3-eb6b-431a-8598-efbc583665fb	2026-07-24 03:05:31.650168+00
354177b8-54ba-4813-a671-1d3c38adba6b	farmer	11111111-1111-1111-1111-111111111111	write	marketplace.product_order	9231ed7f-2a2a-4485-8df4-cb53ba85d5f6	2026-07-24 03:05:31.688084+00
4e7c1c97-854e-4df1-86e7-e3fe8db3c39e	farmer	11111111-1111-1111-1111-111111111111	write	marketplace.product_order	9231ed7f-2a2a-4485-8df4-cb53ba85d5f6	2026-07-24 03:05:31.714986+00
d19029df-f980-47fa-9fce-a6a4dc049252	farmer	22222222-2222-2222-2222-222222222222	read	marketplace.product_order	22222222-2222-2222-2222-222222222222	2026-07-24 03:05:31.792106+00
223e5c46-33ff-48dc-bfcb-31ed62b9e048	organization	2728b680-0906-48ba-9ab4-c0e4bacd61ee	write	identity.organization	2728b680-0906-48ba-9ab4-c0e4bacd61ee	2026-07-24 03:05:31.831941+00
4465a8eb-edae-4b27-8a58-4c6deeffb5d8	platform	\N	write	identity.organization	2728b680-0906-48ba-9ab4-c0e4bacd61ee	2026-07-24 03:05:31.862194+00
d85a2faf-9182-4e22-9be5-f53d60cc3cbf	organization	5e2944da-563f-4965-93fa-77a64e8a7cbc	write	marketplace.product_listing	6c498296-baf0-4ef4-a81c-c94e32bbc7f8	2026-07-24 03:05:31.912361+00
e220f780-5047-4b7e-8ffb-2ddeb989c48d	organization	5e2944da-563f-4965-93fa-77a64e8a7cbc	read	marketplace.product_listing	5e2944da-563f-4965-93fa-77a64e8a7cbc	2026-07-24 03:05:31.929482+00
34a69b34-6039-45a9-84e7-aeca7d052226	organization	5e2944da-563f-4965-93fa-77a64e8a7cbc	read	marketplace.product_listing	5e2944da-563f-4965-93fa-77a64e8a7cbc	2026-07-24 03:05:31.947177+00
04e9b117-7aa9-41dd-bb28-8a92cf38dd40	organization	5e2944da-563f-4965-93fa-77a64e8a7cbc	read	marketplace.product_listing	5e2944da-563f-4965-93fa-77a64e8a7cbc	2026-07-24 03:05:32.002663+00
e96de0b1-1fbf-4692-b6df-494686208143	organization	4cec3b5e-dfdc-46cc-9e55-1a65266a8116	write	identity.organization	4cec3b5e-dfdc-46cc-9e55-1a65266a8116	2026-07-24 03:06:21.021493+00
c34ed40b-34c3-4613-8a99-03cb57968931	platform	\N	write	identity.organization	4cec3b5e-dfdc-46cc-9e55-1a65266a8116	2026-07-24 03:06:22.018955+00
107ca21b-ce05-4fb2-bd0d-135d5aebea18	organization	4cec3b5e-dfdc-46cc-9e55-1a65266a8116	read	marketplace.product_listing	4cec3b5e-dfdc-46cc-9e55-1a65266a8116	2026-07-24 03:06:22.42789+00
44550263-1f80-433c-82bb-d0e6c67bec38	organization	4cec3b5e-dfdc-46cc-9e55-1a65266a8116	read	marketplace.product_listing	4cec3b5e-dfdc-46cc-9e55-1a65266a8116	2026-07-24 03:06:22.487818+00
a9c44f9a-6329-4230-ae83-5b17a66927f2	organization	4cec3b5e-dfdc-46cc-9e55-1a65266a8116	read	marketplace.product_order	4cec3b5e-dfdc-46cc-9e55-1a65266a8116	2026-07-24 03:06:22.521632+00
c11f409e-e1d5-48b0-a7af-a05fe9a67c34	organization	4cec3b5e-dfdc-46cc-9e55-1a65266a8116	read	marketplace.product_order	4cec3b5e-dfdc-46cc-9e55-1a65266a8116	2026-07-24 03:06:22.520132+00
dadbd7cc-fef5-4d13-891b-722fc6b78795	organization	4cec3b5e-dfdc-46cc-9e55-1a65266a8116	write	marketplace.product_listing	89fcc183-073a-4c78-9198-951c8ad6a418	2026-07-24 03:06:23.404646+00
5a7e258f-8121-4b7d-84e9-e7119f59895b	organization	4cec3b5e-dfdc-46cc-9e55-1a65266a8116	read	marketplace.product_listing	4cec3b5e-dfdc-46cc-9e55-1a65266a8116	2026-07-24 03:06:23.432936+00
48219692-922e-42b2-9583-506324ed4646	organization	4cec3b5e-dfdc-46cc-9e55-1a65266a8116	read	marketplace.product_listing	4cec3b5e-dfdc-46cc-9e55-1a65266a8116	2026-07-24 03:06:23.433935+00
f2590568-19ad-4969-93ed-a85e28555264	organization	4cec3b5e-dfdc-46cc-9e55-1a65266a8116	write	marketplace.product_listing	4c3560d9-db32-4b95-8194-9c56f1b5bcf2	2026-07-24 03:06:24.748285+00
8e0ed8f8-2c96-47de-81c7-0815faaef4b9	organization	4cec3b5e-dfdc-46cc-9e55-1a65266a8116	read	marketplace.product_listing	4cec3b5e-dfdc-46cc-9e55-1a65266a8116	2026-07-24 03:06:24.766166+00
cebd7ad6-2a7a-461c-adf8-54676d873597	organization	4cec3b5e-dfdc-46cc-9e55-1a65266a8116	read	marketplace.product_listing	4cec3b5e-dfdc-46cc-9e55-1a65266a8116	2026-07-24 03:06:24.76708+00
5b93f021-a820-4440-8481-7904a8db8f99	organization	4cec3b5e-dfdc-46cc-9e55-1a65266a8116	write	marketplace.product_listing	74b587ee-86ed-4f56-b45f-ed7111194548	2026-07-24 03:06:25.639876+00
ac72662f-c935-488e-b07f-96cfbc18986d	organization	4cec3b5e-dfdc-46cc-9e55-1a65266a8116	read	marketplace.product_listing	4cec3b5e-dfdc-46cc-9e55-1a65266a8116	2026-07-24 03:06:25.653077+00
78b9155d-b7ed-4519-8613-0cf4a9895f56	organization	4cec3b5e-dfdc-46cc-9e55-1a65266a8116	read	marketplace.product_listing	4cec3b5e-dfdc-46cc-9e55-1a65266a8116	2026-07-24 03:06:25.658318+00
b7c19ba9-7139-438a-9063-88253f2bf2bd	farmer	11111111-1111-1111-1111-111111111111	read	risk.credit_score	11111111-1111-1111-1111-111111111111	2026-07-24 03:06:28.189849+00
ad8795e7-d11c-4852-955e-dc4c3a9e0b7e	farmer	11111111-1111-1111-1111-111111111111	read	notification.notification_log	11111111-1111-1111-1111-111111111111	2026-07-24 03:06:28.387453+00
9f6d1d3a-1be6-4d12-b24a-a8b5524eca8b	farmer	11111111-1111-1111-1111-111111111111	read	underwriting.loan_application	11111111-1111-1111-1111-111111111111	2026-07-24 03:06:28.877595+00
633bfd38-4f6c-4244-be86-6fe9951f7d7a	farmer	11111111-1111-1111-1111-111111111111	read	contract.contract	11111111-1111-1111-1111-111111111111	2026-07-24 03:06:28.880735+00
dc8f43e9-22eb-4369-957e-cfb13f701cfa	farmer	11111111-1111-1111-1111-111111111111	read	reporting.v_farmer_360	11111111-1111-1111-1111-111111111111	2026-07-24 03:06:29.010274+00
01292c20-e5eb-4604-9490-8a76f4dd2777	farmer	11111111-1111-1111-1111-111111111111	read	registry.production_unit	11111111-1111-1111-1111-111111111111	2026-07-24 03:06:29.039324+00
b05c8412-f221-4148-99e9-387c77493f64	farmer	11111111-1111-1111-1111-111111111111	read	marketplace.product_order	11111111-1111-1111-1111-111111111111	2026-07-24 03:06:29.22348+00
418d5ec8-317a-4f61-93cf-76d8916693b8	farmer	11111111-1111-1111-1111-111111111111	write	marketplace.product_order	bc07bec6-3210-4dd7-a559-937b0ba82410	2026-07-24 03:06:31.198551+00
23b4ff30-b79e-4e3f-be2b-7b814e319243	farmer	11111111-1111-1111-1111-111111111111	read	marketplace.product_order	11111111-1111-1111-1111-111111111111	2026-07-24 03:06:31.211677+00
14c59f5f-f174-4883-9798-1b437269f530	farmer	11111111-1111-1111-1111-111111111111	write	marketplace.product_order	4c44ddde-d8e8-49c7-8ee5-424a0fca1dbb	2026-07-24 03:06:32.061274+00
8af619bf-7465-4eaf-b75d-90d6fe51d0f9	farmer	11111111-1111-1111-1111-111111111111	read	marketplace.product_order	11111111-1111-1111-1111-111111111111	2026-07-24 03:06:32.073375+00
dabedd76-7b8d-4010-aeb4-33b19f561f62	farmer	11111111-1111-1111-1111-111111111111	write	marketplace.product_order	cb64e780-b3ff-4785-ad6d-ac38320f4a1a	2026-07-24 03:06:32.924519+00
488445f1-26a8-4647-a962-947f92206735	farmer	11111111-1111-1111-1111-111111111111	read	marketplace.product_order	11111111-1111-1111-1111-111111111111	2026-07-24 03:06:32.939164+00
8fb7d91b-e12c-4ea4-a567-af4c6747ad9d	organization	4cec3b5e-dfdc-46cc-9e55-1a65266a8116	read	marketplace.product_listing	4cec3b5e-dfdc-46cc-9e55-1a65266a8116	2026-07-24 03:06:34.635171+00
50d154c0-5ec7-4d98-8449-a7645e6091ab	organization	4cec3b5e-dfdc-46cc-9e55-1a65266a8116	read	marketplace.product_listing	4cec3b5e-dfdc-46cc-9e55-1a65266a8116	2026-07-24 03:06:34.729494+00
6b21cad2-9efe-4a16-aed3-ec8aad7984d5	organization	4cec3b5e-dfdc-46cc-9e55-1a65266a8116	read	marketplace.product_order	4cec3b5e-dfdc-46cc-9e55-1a65266a8116	2026-07-24 03:06:34.730988+00
c9b1bb2c-683a-40bd-b74b-1c19c1a6cef5	organization	4cec3b5e-dfdc-46cc-9e55-1a65266a8116	read	marketplace.product_order	4cec3b5e-dfdc-46cc-9e55-1a65266a8116	2026-07-24 03:06:34.731336+00
1aa9b445-cf49-40eb-8b87-733c7977335d	organization	4cec3b5e-dfdc-46cc-9e55-1a65266a8116	write	marketplace.product_order	bc07bec6-3210-4dd7-a559-937b0ba82410	2026-07-24 03:06:36.003554+00
b3f49490-e6d0-466a-8f8e-1399567bdabe	organization	4cec3b5e-dfdc-46cc-9e55-1a65266a8116	read	marketplace.product_order	4cec3b5e-dfdc-46cc-9e55-1a65266a8116	2026-07-24 03:06:36.023416+00
1feeec6a-ffbb-4f65-a80e-e2405d8d139e	organization	4cec3b5e-dfdc-46cc-9e55-1a65266a8116	read	marketplace.product_order	4cec3b5e-dfdc-46cc-9e55-1a65266a8116	2026-07-24 03:06:36.024464+00
cb3cd2de-8f1c-4be6-ae5b-b1576e3aafff	organization	4cec3b5e-dfdc-46cc-9e55-1a65266a8116	read	marketplace.product_listing	4cec3b5e-dfdc-46cc-9e55-1a65266a8116	2026-07-24 03:06:36.025972+00
c218194b-d444-4a1b-bc7d-21781d6ed16d	organization	4cec3b5e-dfdc-46cc-9e55-1a65266a8116	write	marketplace.product_order	4c44ddde-d8e8-49c7-8ee5-424a0fca1dbb	2026-07-24 03:06:36.865074+00
98aa1eb3-fb3d-44ed-a6ad-7bfb10438f98	organization	4cec3b5e-dfdc-46cc-9e55-1a65266a8116	read	marketplace.product_order	4cec3b5e-dfdc-46cc-9e55-1a65266a8116	2026-07-24 03:06:36.882257+00
134d59f5-d1c6-40ff-9690-f91d0820904d	organization	4cec3b5e-dfdc-46cc-9e55-1a65266a8116	read	marketplace.product_order	4cec3b5e-dfdc-46cc-9e55-1a65266a8116	2026-07-24 03:06:36.883271+00
27e7528e-f8e6-43d7-add4-e87037c783ab	organization	4cec3b5e-dfdc-46cc-9e55-1a65266a8116	read	marketplace.product_listing	4cec3b5e-dfdc-46cc-9e55-1a65266a8116	2026-07-24 03:06:36.887891+00
cc08d16c-c899-4534-83e6-9587844c75ed	organization	4cec3b5e-dfdc-46cc-9e55-1a65266a8116	write	marketplace.product_order	bc07bec6-3210-4dd7-a559-937b0ba82410	2026-07-24 03:06:37.957387+00
1853d8d2-df10-472e-9112-4987caa75ad1	organization	4cec3b5e-dfdc-46cc-9e55-1a65266a8116	read	marketplace.product_order	4cec3b5e-dfdc-46cc-9e55-1a65266a8116	2026-07-24 03:06:37.977789+00
8c861acc-1f5f-4d2f-a565-26fd9f90e79e	organization	4cec3b5e-dfdc-46cc-9e55-1a65266a8116	read	marketplace.product_order	4cec3b5e-dfdc-46cc-9e55-1a65266a8116	2026-07-24 03:06:37.980351+00
dc1b61ae-83a6-4891-b82d-89952e58fe52	farmer	11111111-1111-1111-1111-111111111111	read	marketplace.product_order	11111111-1111-1111-1111-111111111111	2026-07-24 03:06:39.248094+00
5012af8e-3aaf-4a13-9394-488841876740	farmer	11111111-1111-1111-1111-111111111111	write	marketplace.product_order	cb64e780-b3ff-4785-ad6d-ac38320f4a1a	2026-07-24 03:06:40.293938+00
ba09cb2e-3edb-46db-971b-b37c5748c5b5	farmer	11111111-1111-1111-1111-111111111111	read	marketplace.product_order	11111111-1111-1111-1111-111111111111	2026-07-24 03:06:40.306854+00
38ab7dac-08c6-4033-b23f-3f8fc8da2932	organization	4cec3b5e-dfdc-46cc-9e55-1a65266a8116	read	marketplace.product_listing	4cec3b5e-dfdc-46cc-9e55-1a65266a8116	2026-07-24 03:06:37.981766+00
292883a3-f270-481e-a63d-4d0c2cf9c55a	farmer	11111111-1111-1111-1111-111111111111	read	marketplace.product_order	11111111-1111-1111-1111-111111111111	2026-07-24 03:06:41.390388+00
49e94f31-ff36-4128-a1d3-e12c6f5e2300	organization	b1111111-0000-0000-0000-000000000001	read	underwriting.loan_application	b1111111-0000-0000-0000-000000000001	2026-07-24 03:07:11.764544+00
c017bb60-977d-476e-879f-85f8f2939d5f	organization	b2222222-0000-0000-0000-000000000001	read	produce.delivery	b2222222-0000-0000-0000-000000000001	2026-07-24 03:07:11.804191+00
7644421d-23df-4719-a446-8aee65fecbe1	organization	b2222222-0000-0000-0000-000000000001	read	marketplace.buy_price_quote	b2222222-0000-0000-0000-000000000001	2026-07-24 03:07:11.823446+00
7fbf0ee0-ba02-4219-b9a3-58ff7c1073d2	farmer	11111111-1111-1111-1111-111111111111	read	marketplace.product_order	11111111-1111-1111-1111-111111111111	2026-07-24 03:07:11.865272+00
\.

COPY identity.farmer (farmer_id, national_id_hash, full_name, phone, region_code, farmbook_ref_id, trust_score, auth_subject_id, status, created_at, updated_at) FROM stdin;
11111111-1111-1111-1111-111111111111	f3b2ce1a487bc887474e85927fa4bcca4f3f2ab2e9ef530b31f484447f1e6526	สมชาย ใจดี	+66811111111	TH-18	FBK-000123	80.00	oidc|farmer-001	active	2026-07-22 06:37:44.309451+00	2026-07-22 08:59:51.67105+00
22222222-2222-2222-2222-222222222222	a71005368aacd8e57fe7745a2a3b010b0df50a662ea3b58205f32326ffcfb3f3	สมหญิง รักนา	+66822222222	TH-30	FBK-000456	0.00	oidc|farmer-002	active	2026-07-22 06:37:44.309451+00	2026-07-22 09:26:06.820205+00
2c374c52-d71e-43e1-8bbc-63f08f1fc8fc	18531b57fc3219e9ee601a7e36002af3a0ea5755ef6b427771ca4ddcc587e7c6	มานี มีนา	+66866677788	TH-57	\N	0.00	oidc|farmer-8cb06e69-d7ec-4c3a-88a1-d29d04ea917b	active	2026-07-23 13:35:46.720127+00	2026-07-23 14:35:44.354255+00
6821010d-27c8-4c54-8928-910060240925	bca2b41a2b25e137c83fee346af7bd1e0f52bd560583ca07a1b42f9944c5c50b	วิชัย ทองดี	+66899999999	TH-50	\N	0.00	oidc|farmer-e3155e32-5cc5-4e1d-833f-d5a88df2db69	closed	2026-07-23 13:32:40.213202+00	2026-07-23 14:35:44.398607+00
33333333-3333-3333-3333-333333333333	d94ead0c8bcdbf2042ff8cc1d0b56ff0a6831b48286e770faf0a309f23060fff	ประยุทธ นาดี	+66833333333	TH-18	\N	50.00	oidc|farmer-003	active	2026-07-22 06:37:44.309451+00	2026-07-23 14:39:31.223613+00
\.

COPY ledger.account (account_id, account_type, owner_type, owner_id, currency, status, created_at) FROM stdin;
00000000-0000-0000-0000-0000000000e1	escrow	platform	\N	THB	active	2026-07-22 07:04:28.03265+00
00000000-0000-0000-0000-0000000000f1	fee_revenue	platform	\N	THB	active	2026-07-22 07:04:28.03265+00
00000000-0000-0000-0000-0000000000c1	platform_cash	platform	\N	THB	active	2026-07-22 07:04:28.03265+00
00000000-0000-0000-0000-0000000000a2	external_settlement	platform	\N	THB	active	2026-07-22 07:04:28.03265+00
406c3a80-ddd0-47dc-b1f6-02b87d89bc1c	unit_wallet	production_unit	a1111111-0000-0000-0000-000000000001	THB	active	2026-07-22 07:04:28.037493+00
b4f08bad-02a8-4261-af36-251ea9901de2	unit_wallet	production_unit	a1111111-0000-0000-0000-000000000002	THB	active	2026-07-22 07:04:28.037493+00
3430a64d-9baf-4715-967c-dfe0b7f99ea2	unit_wallet	production_unit	a2222222-0000-0000-0000-000000000001	THB	active	2026-07-22 07:04:28.037493+00
565926bf-f67c-4036-9f51-1dc86ec557d3	unit_wallet	production_unit	a3333333-0000-0000-0000-000000000001	THB	active	2026-07-22 07:04:28.037493+00
ac9ce509-7a24-4850-a84c-dfe9280be974	lender_clearing	organization	b1111111-0000-0000-0000-000000000001	THB	active	2026-07-22 07:30:55.18134+00
6f0fac52-f54c-4b14-bc81-be153293341d	vendor_settlement	organization	b2222222-0000-0000-0000-000000000001	THB	active	2026-07-22 07:46:48.248606+00
f8de3671-0894-4da7-9535-7af60e3d2a10	vendor_settlement	organization	b3333333-0000-0000-0000-000000000001	THB	active	2026-07-23 14:36:08.061587+00
\.

COPY ledger.journal_entry (entry_id, entry_type, reference_type, reference_id, description, posted_at, created_by_subject_type, created_by_subject_id) FROM stdin;
1f127c3a-f4e9-42cd-a2e8-cc5e8c93a811	Adjustment	\N	\N	เงินทุนเริ่มต้นจากผู้ให้สินเชื่อผ่านช่องทางธนาคาร	2026-07-22 07:04:28.039452+00	\N	\N
3ebaac45-2a05-4698-b515-e8f3f5bc3a1c	CreditDisbursement	\N	\N	เบิกจ่ายสินเชื่องวดที่ 1 เข้า escrow รอปลดล็อก	2026-07-22 07:04:28.043563+00	\N	\N
a8fbb95c-8c60-43e8-8f37-1675d97dfeee	CreditDisbursement	\N	\N	เบิกจ่ายสินเชื่องวดที่ 1 เข้า escrow รอปลดล็อก	2026-07-22 07:04:28.043563+00	\N	\N
14cab11f-9675-43ee-98ac-734e09c0e0f9	EscrowHold	\N	\N	พักเงินรองบเบิกจ่ายเป็นงวด	2026-07-22 07:04:28.045939+00	\N	\N
6ab1037f-5851-4f28-8b22-5ed792cc2a57	EscrowRelease	\N	\N	ปลดล็อกเงินงวดตามเงื่อนไขที่ยืนยันแล้ว	2026-07-22 07:04:28.045939+00	\N	\N
485f8028-f353-49e7-a9af-0881d09ba4fb	FeeCharge	\N	\N	ค่าธรรมเนียมธุรกรรม 0.5% ของยอดปลดล็อกงวดที่ 1	2026-07-22 07:04:28.050274+00	\N	\N
05fa568e-940e-4373-9335-c7816009681e	Adjustment	\N	\N	ทดสอบถอนพร้อมกัน B	2026-07-22 07:05:07.216927+00	\N	\N
e753c106-484f-4777-8989-397e38aad0c7	Adjustment	\N	\N	ผู้ให้กู้โอนวงเงินสินเชื่อเข้าระบบ AgroLink (จำลอง)	2026-07-22 07:30:55.18631+00	\N	\N
064a3d75-9e90-4597-8eb8-8fe8ca0559bc	EscrowHold	\N	\N	พักเงินรองบเบิกจ่ายเป็นงวด	2026-07-22 07:30:55.200193+00	\N	\N
ac8ce60f-f0a3-49a3-935c-3197a282140c	EscrowRelease	\N	\N	ปลดล็อกเงินงวดตามเงื่อนไขที่ยืนยันแล้ว	2026-07-22 07:46:48.238777+00	\N	\N
9360295c-467c-4954-a866-a8ccdd676b91	Settlement	service_request	5929aae9-7038-424d-89fc-86296c844ed1	ชำระค่าบริการ Marketplace สำหรับคำขอ 5929aae9-7038-424d-89fc-86296c844ed1	2026-07-22 07:47:21.561015+00	\N	\N
8e4a4a9c-dc71-4760-aac4-75c3134d3a76	Adjustment	\N	\N	ผู้ซื้อโอนวงเงินสำหรับรับซื้อผลผลิตเข้าระบบ (จำลอง)	2026-07-22 08:35:28.347496+00	\N	\N
042cd5d8-6f58-4020-b3a5-d83c9cf6d55f	Settlement	produce_delivery	e1772ec5-bbf5-4fc1-a279-bd8dbb138f8c	ชำระค่าผลผลิตสำหรับการส่งมอบ e1772ec5-bbf5-4fc1-a279-bd8dbb138f8c	2026-07-22 08:35:28.368+00	\N	\N
d2f39e2d-38d7-441a-b008-2c7e276716e2	LoanRepayment	contract	c1111111-0000-0000-0000-000000000001	ชำระคืนสินเชื่อสำหรับสัญญา c1111111-0000-0000-0000-000000000001	2026-07-22 08:58:57.937988+00	\N	\N
1ca190de-f620-4aed-ba25-26800505c6e7	LoanRepayment	contract	c1111111-0000-0000-0000-000000000001	ชำระคืนสินเชื่อสำหรับสัญญา c1111111-0000-0000-0000-000000000001	2026-07-22 08:58:57.9623+00	\N	\N
7fca303a-e6fe-4bd9-ae4f-237f983a7878	EscrowHold	\N	\N	พักเงินรองบเบิกจ่ายเป็นงวด	2026-07-22 09:26:06.784027+00	\N	\N
b8eb75d6-da83-4c7b-8af4-fc8690c68b68	LoanRepayment	contract	c3469e0f-dc86-4372-a9e1-13266405d314	ชำระคืนสินเชื่อสำหรับสัญญา c3469e0f-dc86-4372-a9e1-13266405d314	2026-07-22 09:26:06.791923+00	\N	\N
31c1f4c4-d4f0-4faa-ba65-ac5bb39b9229	Settlement	produce_delivery	57f96bff-8183-4c32-a999-1d4cdbbe37c3	ชำระค่าผลผลิตสำหรับการส่งมอบ 57f96bff-8183-4c32-a999-1d4cdbbe37c3	2026-07-23 14:14:04.933641+00	\N	\N
\.

COPY registry.production_unit (unit_id, owner_farmer_id, unit_type, gps_boundary, area_rai, commodity_code, season_id, registration_date, status, created_at, updated_at) FROM stdin;
a1111111-0000-0000-0000-000000000001	11111111-1111-1111-1111-111111111111	Plot	0103000020E610000001000000050000007B14AE47E10A5940C3F5285C8F422E4033333333330B5940C3F5285C8F422E4033333333330B594085EB51B81E452E407B14AE47E10A594085EB51B81E452E407B14AE47E10A5940C3F5285C8F422E40	12.50	RICE_JASMINE	2569/นาปี	2026-07-02	active	2026-07-22 06:37:44.318851+00	2026-07-22 06:37:44.318851+00
a1111111-0000-0000-0000-000000000002	11111111-1111-1111-1111-111111111111	Plot	0103000020E61000000100000005000000EC51B81E850B594048E17A14AE472E40B29DEFA7C60B594048E17A14AE472E40B29DEFA7C60B59407D3F355EBA492E40EC51B81E850B59407D3F355EBA492E40EC51B81E850B594048E17A14AE472E40	8.00	RICE_PADDY	2569/นาปี	2026-07-04	active	2026-07-22 06:37:44.318851+00	2026-07-22 06:37:44.318851+00
a2222222-0000-0000-0000-000000000001	22222222-2222-2222-2222-222222222222	Plot	0103000020E610000001000000050000006666666666865940713D0AD7A3F02D40105839B4C8865940713D0AD7A3F02D40105839B4C8865940C1CAA145B6F32D406666666666865940C1CAA145B6F32D406666666666865940713D0AD7A3F02D40	20.00	CASSAVA	2569	2026-06-22	active	2026-07-22 06:37:44.318851+00	2026-07-22 06:37:44.318851+00
a3333333-0000-0000-0000-000000000001	33333333-3333-3333-3333-333333333333	Plot	0103000020E610000001000000050000005C8FC2F5280C5940CDCCCCCCCC4C2E403108AC1C5A0C5940CDCCCCCCCC4C2E403108AC1C5A0C594075931804564E2E405C8FC2F5280C594075931804564E2E405C8FC2F5280C5940CDCCCCCCCC4C2E40	6.20	RICE_JASMINE	2569/นาปี	2026-07-19	active	2026-07-22 06:37:44.318851+00	2026-07-22 06:37:44.318851+00
\.

COPY ledger.escrow_hold (hold_id, escrow_account_id, unit_id, amount, status, release_condition_ref, hold_entry_id, release_entry_id, held_at, released_at) FROM stdin;
ea5ab31c-7e88-4aa9-a400-ec621b9aa365	00000000-0000-0000-0000-0000000000e1	a2222222-0000-0000-0000-000000000001	3000.00	released	Stage2_GrowthVerified	14cab11f-9675-43ee-98ac-734e09c0e0f9	6ab1037f-5851-4f28-8b22-5ed792cc2a57	2026-07-22 07:04:28.045939+00	2026-07-22 07:04:28.045939+00
f8e39e18-46f8-4ba9-9a61-644e73dda99c	00000000-0000-0000-0000-0000000000e1	a1111111-0000-0000-0000-000000000001	8000.00	released	Contract:c1111111-0000-0000-0000-000000000001_Stage1	064a3d75-9e90-4597-8eb8-8fe8ca0559bc	ac8ce60f-f0a3-49a3-935c-3197a282140c	2026-07-22 07:30:55.200193+00	2026-07-22 07:46:48.238777+00
be7960bc-92ed-48d1-be0d-d2f6788d825c	00000000-0000-0000-0000-0000000000e1	a1111111-0000-0000-0000-000000000001	20000.00	held	Contract:c3469e0f-dc86-4372-a9e1-13266405d314_Stage1	7fca303a-e6fe-4bd9-ae4f-237f983a7878	\N	2026-07-22 09:26:06.784027+00	\N
\.

COPY contract.contract (contract_id, contract_type, status, related_unit_id, principal_amount, currency, escrow_hold_id, effective_date, expiry_date, terms_summary, created_at, agreed_quantity, agreed_unit_price, quantity_unit) FROM stdin;
3e1e423e-8026-4180-846e-803995fd890b	loan_agreement	draft	a1111111-0000-0000-0000-000000000001	20000.00	THB	\N	2026-07-23	\N	สินเชื่ออนุมัติผ่านระบบพิจารณาสินเชื่ออัตโนมัติ G-12 อ้างอิงใบสมัคร 75bf665a-bb01-46a1-85a9-ff52ec508ece	2026-07-23 13:54:35.443768+00	\N	\N	ตัน
c5cfa67f-3b8b-4de7-8aa5-8b35b54d562d	loan_agreement	draft	a3333333-0000-0000-0000-000000000001	4500.00	THB	\N	2026-07-23	\N	สินเชื่ออนุมัติผ่านระบบพิจารณาสินเชื่ออัตโนมัติ G-12 อ้างอิงใบสมัคร f278b37c-3536-4177-9b44-bb91d4db6731	2026-07-23 13:58:58.106519+00	\N	\N	ตัน
c3333333-0000-0000-0000-000000000001	service_agreement	terminated	a2222222-0000-0000-0000-000000000001	\N	THB	\N	\N	\N	บริการรถเกี่ยวข้าว 1 แปลง (ยกเลิกก่อนเริ่มงานเนื่องจากเกษตรกรเปลี่ยนกำหนดการ)	2026-07-22 07:30:55.20912+00	\N	\N	ตัน
c2222222-0000-0000-0000-000000000001	forward_purchase	completed	a1111111-0000-0000-0000-000000000001	\N	THB	\N	2026-07-22	2026-11-22	รับซื้อข้าวหอมมะลิล่วงหน้า 5 ตัน ราคาประกัน 15,000 บาท/ตัน ณ วันเก็บเกี่ยว	2026-07-22 07:30:55.203675+00	5.000	15000.00	ตัน
c1111111-0000-0000-0000-000000000001	loan_agreement	completed	a1111111-0000-0000-0000-000000000001	8000.00	THB	f8e39e18-46f8-4ba9-9a61-644e73dda99c	2026-07-22	\N	สินเชื่อเพื่อการผลิตข้าวหอมมะลิ งวดที่ 1 อัตราดอกเบี้ย 0.5% ต่อเดือน ผ่อนชำระเมื่อเก็บเกี่ยว	2026-07-22 07:30:55.190744+00	\N	\N	ตัน
c3469e0f-dc86-4372-a9e1-13266405d314	loan_agreement	active	a1111111-0000-0000-0000-000000000001	20000.00	THB	be7960bc-92ed-48d1-be0d-d2f6788d825c	2026-07-22	\N	สินเชื่ออนุมัติผ่านระบบพิจารณาสินเชื่ออัตโนมัติ G-12 อ้างอิงใบสมัคร c888534c-53c3-4784-88f5-90820abfa8b2	2026-07-22 09:26:06.772876+00	\N	\N	ตัน
e28931cb-4dfb-43e7-b871-24830cc3bbc7	loan_agreement	terminated	a3333333-0000-0000-0000-000000000001	4000.00	THB	\N	2026-07-22	\N	สินเชื่ออนุมัติผ่านระบบพิจารณาสินเชื่ออัตโนมัติ G-12 อ้างอิงใบสมัคร fd4ae9d8-b6d8-4c52-a6e2-aba818c41a4a	2026-07-22 09:26:06.809738+00	\N	\N	ตัน
ef9ef4da-6d05-4961-8a1d-1a370ed57114	loan_agreement	draft	a3333333-0000-0000-0000-000000000001	3000.00	THB	\N	2026-07-23	\N	สินเชื่ออนุมัติผ่านระบบพิจารณาสินเชื่ออัตโนมัติ G-12 อ้างอิงใบสมัคร 2aea8ba9-fe07-4d95-8819-f86128bb49c0	2026-07-23 13:54:35.401392+00	\N	\N	ตัน
\.

COPY contract.contract_party (contract_party_id, contract_id, party_role, party_type, party_id, created_at) FROM stdin;
9278bf81-f216-4b4d-bcd9-f84792a5ab4a	c1111111-0000-0000-0000-000000000001	farmer	farmer	11111111-1111-1111-1111-111111111111	2026-07-22 07:30:55.19304+00
6babcffd-53f2-47e9-92a6-ade79c62d3ec	c1111111-0000-0000-0000-000000000001	lender	organization	b1111111-0000-0000-0000-000000000001	2026-07-22 07:30:55.19304+00
d31f504f-5dc3-4d5b-ab78-dfb4b100cc3f	c2222222-0000-0000-0000-000000000001	farmer	farmer	11111111-1111-1111-1111-111111111111	2026-07-22 07:30:55.204693+00
c8f71491-e4ee-4a57-8650-1824cf829409	c2222222-0000-0000-0000-000000000001	buyer	organization	b2222222-0000-0000-0000-000000000001	2026-07-22 07:30:55.204693+00
5665e4ef-c462-49f9-8eab-9a06976b294f	c3333333-0000-0000-0000-000000000001	farmer	farmer	22222222-2222-2222-2222-222222222222	2026-07-22 07:30:55.210128+00
416be9ac-0978-4a00-a47e-73df9d988d08	c3333333-0000-0000-0000-000000000001	service_provider	organization	b3333333-0000-0000-0000-000000000001	2026-07-22 07:30:55.210128+00
319281e4-c238-45ab-991e-951369c06b34	c3469e0f-dc86-4372-a9e1-13266405d314	farmer	farmer	11111111-1111-1111-1111-111111111111	2026-07-22 09:26:06.772876+00
cdee526d-a266-4fdf-a065-d3149aed77f4	c3469e0f-dc86-4372-a9e1-13266405d314	lender	organization	b1111111-0000-0000-0000-000000000001	2026-07-22 09:26:06.772876+00
472c1dbd-9073-4074-ab05-6b766542a76d	e28931cb-4dfb-43e7-b871-24830cc3bbc7	farmer	farmer	33333333-3333-3333-3333-333333333333	2026-07-22 09:26:06.809738+00
32717351-1e86-4f79-a97f-810d6b17fdf3	e28931cb-4dfb-43e7-b871-24830cc3bbc7	lender	organization	b1111111-0000-0000-0000-000000000001	2026-07-22 09:26:06.809738+00
ca7af4bf-e1c8-4cca-b1cc-b4d0bb09f164	ef9ef4da-6d05-4961-8a1d-1a370ed57114	farmer	farmer	33333333-3333-3333-3333-333333333333	2026-07-23 13:54:35.401392+00
6a051a11-d3eb-4dbc-b093-5dd60f8034e9	ef9ef4da-6d05-4961-8a1d-1a370ed57114	lender	organization	b1111111-0000-0000-0000-000000000001	2026-07-23 13:54:35.401392+00
de0b3a4c-48f1-49f0-a586-e380912b039d	3e1e423e-8026-4180-846e-803995fd890b	farmer	farmer	11111111-1111-1111-1111-111111111111	2026-07-23 13:54:35.443768+00
3b474e74-e21c-4321-88ef-86a74e80f1ec	3e1e423e-8026-4180-846e-803995fd890b	lender	organization	b1111111-0000-0000-0000-000000000001	2026-07-23 13:54:35.443768+00
e81c6e12-d82c-4e13-8bc4-1109ae700b20	c5cfa67f-3b8b-4de7-8aa5-8b35b54d562d	farmer	farmer	33333333-3333-3333-3333-333333333333	2026-07-23 13:58:58.106519+00
b7fad68d-22bc-4ca2-9294-554cd19e0624	c5cfa67f-3b8b-4de7-8aa5-8b35b54d562d	lender	organization	b1111111-0000-0000-0000-000000000001	2026-07-23 13:58:58.106519+00
\.

COPY contract.contract_status_history (history_id, contract_id, from_status, to_status, changed_at, reason) FROM stdin;
c3f8529d-cd47-4e59-a048-ded347e2116f	c1111111-0000-0000-0000-000000000001	draft	pending_signature	2026-07-22 07:30:55.195249+00	\N
6a743cc0-a638-4965-b22e-24f421c65b9b	c1111111-0000-0000-0000-000000000001	pending_signature	active	2026-07-22 07:30:55.200193+00	\N
872e5e5e-1ba9-4390-afa9-a432bc51b042	c2222222-0000-0000-0000-000000000001	draft	pending_signature	2026-07-22 07:30:55.206533+00	\N
cd31d7b0-cf08-4eb8-9e2e-dad1d6f64d6c	c2222222-0000-0000-0000-000000000001	pending_signature	active	2026-07-22 07:30:55.207681+00	\N
aff79b5b-3524-439e-94d2-d51440373d74	c3333333-0000-0000-0000-000000000001	draft	pending_signature	2026-07-22 07:30:55.211175+00	\N
7949718b-fffc-440a-840a-fb8a366d23e8	c3333333-0000-0000-0000-000000000001	pending_signature	terminated	2026-07-22 07:30:55.212536+00	เกษตรกรเปลี่ยนกำหนดการเก็บเกี่ยว ยกเลิกก่อนอีกฝ่ายเซ็น
60ba676d-a82c-4bdb-b248-44dd8a40f099	c2222222-0000-0000-0000-000000000001	active	completed	2026-07-22 08:35:28.368+00	\N
135eebc6-9ad1-43ad-a7a1-08d2f250bca9	c1111111-0000-0000-0000-000000000001	active	completed	2026-07-22 08:58:57.9623+00	\N
20855d1f-be44-4db7-91b3-5e6dddbcdb12	c3469e0f-dc86-4372-a9e1-13266405d314	draft	pending_signature	2026-07-22 09:26:06.779448+00	\N
a8a4808a-ae52-4ff0-882f-788768c6ea26	c3469e0f-dc86-4372-a9e1-13266405d314	pending_signature	active	2026-07-22 09:26:06.784027+00	\N
90c4bbcc-dc8b-470b-8852-e079eee5fa7b	e28931cb-4dfb-43e7-b871-24830cc3bbc7	draft	terminated	2026-07-22 09:26:06.811863+00	เกษตรกรขอถอนคำขอก่อนเซ็นสัญญา เปลี่ยนใจไม่กู้เพิ่ม
\.

COPY contract.digital_signature (signature_id, contract_party_id, signature_method, signature_hash, signed_document_ref, signed_at) FROM stdin;
12a02945-fc07-4015-bd9b-fb462ef90cdf	9278bf81-f216-4b4d-bcd9-f84792a5ab4a	OTP_ESignature	5baa671a1819cc139e7d1644366e01c49645986558a986960ae06830d7e7f4b1	s3://agrolink-contracts/c001-farmer.pdf	2026-07-22 07:30:55.195249+00
d07e1a48-d4e4-4087-8886-da4339becf19	6babcffd-53f2-47e9-92a6-ade79c62d3ec	PKI_Digital_Signature	e65595a34a1983d6204c2f7a91340a73607f8c198e2de96b5fe5f40b3623de93	s3://agrolink-contracts/c001-lender.pdf	2026-07-22 07:30:55.200193+00
13f664df-0a90-4d0b-9c4e-d638a071a382	d31f504f-5dc3-4d5b-ab78-dfb4b100cc3f	OTP_ESignature	cc32fcb09be76816a5b03596566170cca241edf9f3017a5a03a8c8b15323c707	s3://agrolink-contracts/c002-farmer.pdf	2026-07-22 07:30:55.206533+00
91666135-1176-47c8-be3e-b7a3542371ac	c8f71491-e4ee-4a57-8650-1824cf829409	PKI_Digital_Signature	f04ba1377816f798d465e4d38007cc59f1ec112ff2e11f18e3c9f6eab442ffa5	s3://agrolink-contracts/c002-buyer.pdf	2026-07-22 07:30:55.207681+00
9ba03b66-24e8-4629-847b-51588e3b1c25	5665e4ef-c462-49f9-8eab-9a06976b294f	OTP_ESignature	3eae134336c57db21c49ba3a5392f45822c2f6831bf9c6bfa09762ad4d2135ba	\N	2026-07-22 07:30:55.211175+00
d45f787a-5d51-4558-958e-755aa6743ada	319281e4-c238-45ab-991e-951369c06b34	OTP_ESignature	f1e9d8e9d83b0abf9111dc66879d8938b7632b62070edb2a123a35d966c6ee3c	s3://agrolink-contracts/app-a-farmer.pdf	2026-07-22 09:26:06.779448+00
c70d9bca-137b-474d-8cc5-2d88ff15cb93	cdee526d-a266-4fdf-a065-d3149aed77f4	PKI_Digital_Signature	68e701c253975fc833e6396e1b583a788bfb4e4449ba0289f9b05e6eaf6d1839	s3://agrolink-contracts/app-a-lender.pdf	2026-07-22 09:26:06.784027+00
\.

COPY credit.loan_repayment (repayment_id, contract_id, amount, due_date, paid_date, status, settlement_entry_id, created_at) FROM stdin;
6c94690c-7906-4313-bce1-b4f79317b33c	c1111111-0000-0000-0000-000000000001	3000.00	2026-07-25	2026-07-22	paid_on_time	d2f39e2d-38d7-441a-b008-2c7e276716e2	2026-07-22 08:58:57.937988+00
a1b5bdec-027a-4048-83f0-3822b5384a0c	c1111111-0000-0000-0000-000000000001	5000.00	2026-07-20	2026-07-22	paid_late	1ca190de-f620-4aed-ba25-26800505c6e7	2026-07-22 08:58:57.9623+00
5ec8b473-ae33-4497-b74a-38f5461369bc	c3469e0f-dc86-4372-a9e1-13266405d314	5000.00	2026-07-19	2026-07-22	paid_late	b8eb75d6-da83-4c7b-8af4-fc8690c68b68	2026-07-22 09:26:06.791923+00
\.

COPY identity.identity_verification (verification_id, subject_type, subject_id, method, status, evidence_ref, verifier_ref, standard_ref, submitted_at, decided_at) FROM stdin;
13820f83-4ef4-4bbf-9c0b-17db619eb8d4	farmer	11111111-1111-1111-1111-111111111111	eKYC_NDID	verified	\N	NDID-PROVIDER-01	FATF KYC/AML Guidance	2026-07-12 06:37:44.311905+00	2026-07-13 06:37:44.311905+00
25cf70b9-315e-4edc-9d76-7284e5c45c3f	farmer	22222222-2222-2222-2222-222222222222	eKYC_DOPA	verified	\N	DOPA-GATEWAY	FATF KYC/AML Guidance	2026-07-16 06:37:44.311905+00	2026-07-17 06:37:44.311905+00
b0781daf-c866-4f2b-a258-42d150b27571	farmer	33333333-3333-3333-3333-333333333333	eKYC_NDID	pending	\N	\N	FATF KYC/AML Guidance	2026-07-21 06:37:44.311905+00	\N
e0a19ea3-8e45-4e3e-af04-38f79c35272b	organization	b1111111-0000-0000-0000-000000000001	eKYB_DBD	verified	\N	DBD-GATEWAY	FATF KYC/AML Guidance	2026-07-17 07:30:55.172901+00	2026-07-18 07:30:55.172901+00
d96aaefe-6356-4681-b803-86d589ab5fce	organization	b2222222-0000-0000-0000-000000000001	eKYB_DBD	verified	\N	DBD-GATEWAY	FATF KYC/AML Guidance	2026-07-17 07:30:55.172901+00	2026-07-19 07:30:55.172901+00
da9e21b6-21ce-4972-b2e5-a19392169518	organization	b3333333-0000-0000-0000-000000000001	eKYB_DBD	pending	\N	\N	FATF KYC/AML Guidance	2026-07-21 07:30:55.172901+00	\N
\.

COPY identity.organization (org_id, org_type, org_name, tax_id, kyb_status, verified_badge, auth_subject_id, created_at, updated_at) FROM stdin;
b1111111-0000-0000-0000-000000000001	Lender	สหกรณ์สินเชื่อเกษตรยั่งยืน จำกัด	0105561000011	Verified	f	oidc|org-001	2026-07-22 07:30:55.167926+00	2026-07-23 08:58:09.798408+00
b2222222-0000-0000-0000-000000000001	Buyer	โรงสีข้าวไทยเจริญ จำกัด	0105561000022	Verified	f	oidc|org-002	2026-07-22 07:30:55.167926+00	2026-07-23 08:58:09.804402+00
b3333333-0000-0000-0000-000000000001	InputSupplier	ปุ๋ยไทยพัฒนา จำกัด	0105561000033	Verified	f	\N	2026-07-22 07:30:55.167926+00	2026-07-23 14:36:08.048706+00
\.

COPY identity.organization_member (member_id, org_id, farmer_id, full_name, national_id_hash, role_in_org, created_at) FROM stdin;
\.

COPY identity.organization_role (org_id, role_type, status, requested_at, decided_at, decided_reason) FROM stdin;
b1111111-0000-0000-0000-000000000001	Lender	Verified	2026-07-22 07:30:55.167926+00	2026-07-23 08:58:09.798408+00	\N
b2222222-0000-0000-0000-000000000001	Buyer	Verified	2026-07-22 07:30:55.167926+00	2026-07-23 08:58:09.804402+00	\N
b3333333-0000-0000-0000-000000000001	InputSupplier	Verified	2026-07-22 07:30:55.167926+00	2026-07-23 14:36:08.048706+00	\N
\.

COPY identity.subject_role (subject_type, subject_id, role_code, granted_at) FROM stdin;
farmer	11111111-1111-1111-1111-111111111111	farmer.self	2026-07-22 06:37:44.316764+00
farmer	22222222-2222-2222-2222-222222222222	farmer.self	2026-07-22 06:37:44.316764+00
farmer	33333333-3333-3333-3333-333333333333	farmer.self	2026-07-22 06:37:44.316764+00
organization	b1111111-0000-0000-0000-000000000001	org.admin	2026-07-23 08:56:37.178287+00
organization	b2222222-0000-0000-0000-000000000001	org.admin	2026-07-23 08:56:37.178287+00
farmer	6821010d-27c8-4c54-8928-910060240925	farmer.self	2026-07-23 13:32:40.221994+00
farmer	2c374c52-d71e-43e1-8bbc-63f08f1fc8fc	farmer.self	2026-07-23 13:35:46.752421+00
\.

COPY identity.verifiable_credential (credential_id, holder_type, holder_id, credential_type, issuer, issued_at, expires_at, revoked, proof_ref) FROM stdin;
e07610e7-f2ad-4f2d-82dd-e94579b8145c	farmer	11111111-1111-1111-1111-111111111111	ProofOfFarmerIdentity	did:web:agrolink.example/issuer	2026-07-22 06:37:44.315584+00	\N	f	s3://agrolink-vc-store/vc-0001.jwt
61a2c3a3-93c1-492b-9b11-bd5623032086	farmer	22222222-2222-2222-2222-222222222222	ProofOfFarmerIdentity	did:web:agrolink.example/issuer	2026-07-22 06:37:44.315584+00	\N	f	s3://agrolink-vc-store/vc-0002.jwt
\.

COPY ledger.journal_line (line_id, entry_id, account_id, direction, amount, currency, created_at) FROM stdin;
6e2a860b-b397-4d9d-90c5-d81c91a70458	1f127c3a-f4e9-42cd-a2e8-cc5e8c93a811	00000000-0000-0000-0000-0000000000a2	debit	50000.00	THB	2026-07-22 07:04:28.039452+00
e3364b32-4eba-45fd-9e0f-b40b0304ff87	1f127c3a-f4e9-42cd-a2e8-cc5e8c93a811	00000000-0000-0000-0000-0000000000c1	credit	50000.00	THB	2026-07-22 07:04:28.039452+00
cab7ce8a-d271-42e5-8697-9fc98dbae61b	3ebaac45-2a05-4698-b515-e8f3f5bc3a1c	00000000-0000-0000-0000-0000000000c1	debit	5000.00	THB	2026-07-22 07:04:28.043563+00
411c5a8e-3615-4412-a53c-1b77b239d106	3ebaac45-2a05-4698-b515-e8f3f5bc3a1c	00000000-0000-0000-0000-0000000000e1	credit	5000.00	THB	2026-07-22 07:04:28.043563+00
4e2fae28-0a81-4efb-889b-07830703df7c	a8fbb95c-8c60-43e8-8f37-1675d97dfeee	00000000-0000-0000-0000-0000000000c1	debit	5000.00	THB	2026-07-22 07:04:28.043563+00
2172758b-33a4-4c13-a6f3-618bf7020d7a	a8fbb95c-8c60-43e8-8f37-1675d97dfeee	00000000-0000-0000-0000-0000000000e1	credit	5000.00	THB	2026-07-22 07:04:28.043563+00
fe4bc76b-bb40-490b-8329-de61ac726f79	14cab11f-9675-43ee-98ac-734e09c0e0f9	00000000-0000-0000-0000-0000000000c1	debit	3000.00	THB	2026-07-22 07:04:28.045939+00
3e14e7ee-03c1-4f42-bce0-f1a34e053122	14cab11f-9675-43ee-98ac-734e09c0e0f9	00000000-0000-0000-0000-0000000000e1	credit	3000.00	THB	2026-07-22 07:04:28.045939+00
645749e8-ff0c-4af8-be04-0303e70666fd	6ab1037f-5851-4f28-8b22-5ed792cc2a57	00000000-0000-0000-0000-0000000000e1	debit	3000.00	THB	2026-07-22 07:04:28.045939+00
70441bae-c7f5-4981-8f2d-91233fd833fb	6ab1037f-5851-4f28-8b22-5ed792cc2a57	3430a64d-9baf-4715-967c-dfe0b7f99ea2	credit	3000.00	THB	2026-07-22 07:04:28.045939+00
6b2fb628-42fc-48d7-a36d-d89a822d1ec0	485f8028-f353-49e7-a9af-0881d09ba4fb	3430a64d-9baf-4715-967c-dfe0b7f99ea2	debit	15.00	THB	2026-07-22 07:04:28.050274+00
3131b318-dc7d-4054-abb9-ea0bfc33252c	485f8028-f353-49e7-a9af-0881d09ba4fb	00000000-0000-0000-0000-0000000000f1	credit	15.00	THB	2026-07-22 07:04:28.050274+00
882d9971-5371-4ffc-9077-089afaa98156	05fa568e-940e-4373-9335-c7816009681e	3430a64d-9baf-4715-967c-dfe0b7f99ea2	debit	2000.00	THB	2026-07-22 07:05:07.216927+00
9de934e0-8482-4d1a-94e3-5d7f000591c1	05fa568e-940e-4373-9335-c7816009681e	00000000-0000-0000-0000-0000000000c1	credit	2000.00	THB	2026-07-22 07:05:07.216927+00
071d0170-7caf-4ee2-9ff2-82dc63bd0a0e	e753c106-484f-4777-8989-397e38aad0c7	00000000-0000-0000-0000-0000000000a2	debit	20000.00	THB	2026-07-22 07:30:55.18631+00
32282ace-b2fd-4702-8480-5d68843746be	e753c106-484f-4777-8989-397e38aad0c7	ac9ce509-7a24-4850-a84c-dfe9280be974	credit	20000.00	THB	2026-07-22 07:30:55.18631+00
fbd15cd4-ea90-4a38-91a0-157ba23c4570	064a3d75-9e90-4597-8eb8-8fe8ca0559bc	ac9ce509-7a24-4850-a84c-dfe9280be974	debit	8000.00	THB	2026-07-22 07:30:55.200193+00
6ceec7f7-71f5-4a80-91f1-0c343265d866	064a3d75-9e90-4597-8eb8-8fe8ca0559bc	00000000-0000-0000-0000-0000000000e1	credit	8000.00	THB	2026-07-22 07:30:55.200193+00
ef57978d-42d2-45b5-8dfc-aeb100460b13	ac8ce60f-f0a3-49a3-935c-3197a282140c	00000000-0000-0000-0000-0000000000e1	debit	8000.00	THB	2026-07-22 07:46:48.238777+00
582f6e5d-9e1a-4a10-b4cf-f376f2649671	ac8ce60f-f0a3-49a3-935c-3197a282140c	406c3a80-ddd0-47dc-b1f6-02b87d89bc1c	credit	8000.00	THB	2026-07-22 07:46:48.238777+00
7fab486e-f0e8-478c-a075-96bd60defa0d	9360295c-467c-4954-a866-a8ccdd676b91	406c3a80-ddd0-47dc-b1f6-02b87d89bc1c	debit	500.00	THB	2026-07-22 07:47:21.561015+00
730f7853-0cd8-410b-ac35-682f87c4df9b	9360295c-467c-4954-a866-a8ccdd676b91	6f0fac52-f54c-4b14-bc81-be153293341d	credit	500.00	THB	2026-07-22 07:47:21.561015+00
0e56a2ab-fbb0-4ff6-9187-eab7542c71ea	8e4a4a9c-dc71-4760-aac4-75c3134d3a76	00000000-0000-0000-0000-0000000000a2	debit	100000.00	THB	2026-07-22 08:35:28.347496+00
608620ac-5ed1-4642-8ce3-93539424c2d9	8e4a4a9c-dc71-4760-aac4-75c3134d3a76	6f0fac52-f54c-4b14-bc81-be153293341d	credit	100000.00	THB	2026-07-22 08:35:28.347496+00
6fa57827-b3a9-47ac-9703-d3f409468c67	042cd5d8-6f58-4020-b3a5-d83c9cf6d55f	6f0fac52-f54c-4b14-bc81-be153293341d	debit	75000.00	THB	2026-07-22 08:35:28.368+00
cc77386f-43f0-4639-abb9-5a2acffbc842	042cd5d8-6f58-4020-b3a5-d83c9cf6d55f	406c3a80-ddd0-47dc-b1f6-02b87d89bc1c	credit	75000.00	THB	2026-07-22 08:35:28.368+00
385155d0-cc3f-49f8-8cf9-1389990a9118	d2f39e2d-38d7-441a-b008-2c7e276716e2	406c3a80-ddd0-47dc-b1f6-02b87d89bc1c	debit	3000.00	THB	2026-07-22 08:58:57.937988+00
e12b6427-68e6-4f75-aaab-be0a5b742438	d2f39e2d-38d7-441a-b008-2c7e276716e2	ac9ce509-7a24-4850-a84c-dfe9280be974	credit	3000.00	THB	2026-07-22 08:58:57.937988+00
1e0ddb64-6d1a-444a-a6a5-0869f200c4ba	1ca190de-f620-4aed-ba25-26800505c6e7	406c3a80-ddd0-47dc-b1f6-02b87d89bc1c	debit	5000.00	THB	2026-07-22 08:58:57.9623+00
bf6c510d-fa2a-4d58-9e61-03ddbdd59a69	1ca190de-f620-4aed-ba25-26800505c6e7	ac9ce509-7a24-4850-a84c-dfe9280be974	credit	5000.00	THB	2026-07-22 08:58:57.9623+00
34ed5175-6727-44d0-ac6f-716f22f4e622	7fca303a-e6fe-4bd9-ae4f-237f983a7878	ac9ce509-7a24-4850-a84c-dfe9280be974	debit	20000.00	THB	2026-07-22 09:26:06.784027+00
2d15a5c4-5ee9-4b0e-ba83-45d81e62342c	7fca303a-e6fe-4bd9-ae4f-237f983a7878	00000000-0000-0000-0000-0000000000e1	credit	20000.00	THB	2026-07-22 09:26:06.784027+00
b48890ea-bc48-47a4-a726-cb4282eda7fb	b8eb75d6-da83-4c7b-8af4-fc8690c68b68	406c3a80-ddd0-47dc-b1f6-02b87d89bc1c	debit	5000.00	THB	2026-07-22 09:26:06.791923+00
34282a75-9bac-4535-a7b7-110a23fcf14f	b8eb75d6-da83-4c7b-8af4-fc8690c68b68	ac9ce509-7a24-4850-a84c-dfe9280be974	credit	5000.00	THB	2026-07-22 09:26:06.791923+00
34fbf59d-3c65-43eb-97f1-42752c8aca19	31c1f4c4-d4f0-4faa-ba65-ac5bb39b9229	6f0fac52-f54c-4b14-bc81-be153293341d	debit	10000.00	THB	2026-07-23 14:14:04.933641+00
c6addaac-76d4-405a-9803-67d007e2fb7a	31c1f4c4-d4f0-4faa-ba65-ac5bb39b9229	3430a64d-9baf-4715-967c-dfe0b7f99ea2	credit	10000.00	THB	2026-07-23 14:14:04.933641+00
\.

COPY marketplace.buy_price_quote (org_id, grade_code, quoted_price, price_unit, is_active, updated_at) FROM stdin;
b2222222-0000-0000-0000-000000000001	HOMMALI105	12900.00	บาท/ตัน	t	2026-07-24 01:54:14.24451+00
b2222222-0000-0000-0000-000000000001	PATHUMTHANI1	11200.00	บาท/ตัน	t	2026-07-24 01:54:14.250636+00
b2222222-0000-0000-0000-000000000001	WHITE_RICE_5	9700.00	บาท/ตัน	t	2026-07-24 01:54:14.252597+00
\.

COPY partner.vendor_profile (org_id, business_registration_no, license_no, license_issuer, service_regions, capacity_note, commercial_status, lender_clearing_account_id, activated_at, created_at, updated_at, settlement_account_id) FROM stdin;
b1111111-0000-0000-0000-000000000001	DBD-0105561000011	BOT-NBFI-2026-0091	กรมพัฒนาธุรกิจการค้า (DBD)	{TH-18,TH-30}	วงเงินสินเชื่อรวม 20,000,000 บาทต่อปี	active	ac9ce509-7a24-4850-a84c-dfe9280be974	2026-07-22 07:30:55.18134+00	2026-07-22 07:30:55.179719+00	2026-07-22 07:30:55.18134+00	\N
b2222222-0000-0000-0000-000000000001	DBD-0105561000022	RICE-MILL-2026-0044	กรมพัฒนาธุรกิจการค้า (DBD)	{TH-18}	กำลังรับซื้อ 500 ตัน/เดือน	active	\N	2026-07-22 07:46:48.248606+00	2026-07-22 07:30:55.179719+00	2026-07-22 07:46:48.248606+00	6f0fac52-f54c-4b14-bc81-be153293341d
b3333333-0000-0000-0000-000000000001	DBD-0105561000033	\N	กรมพัฒนาธุรกิจการค้า (DBD)	{TH-18,TH-30}	จำหน่ายปุ๋ยและสารชีวภัณฑ์	active	\N	2026-07-23 14:36:08.061587+00	2026-07-22 07:30:55.179719+00	2026-07-23 14:36:08.061587+00	f8de3671-0894-4da7-9535-7af60e3d2a10
\.

COPY marketplace.product_listing (listing_id, org_id, category, product_name, brand, description, unit_price, price_unit, is_active, created_at, updated_at) FROM stdin;
\.

COPY marketplace.product_order (order_id, listing_id, org_id, farmer_id, product_name, category, unit_price, price_unit, quantity, total_price, status, decided_reason, requested_at, decided_at, fulfilled_at, updated_at) FROM stdin;
\.

COPY marketplace.product_photo (photo_id, listing_id, org_id, photo_data_url, caption, created_at) FROM stdin;
\.

COPY marketplace.service_listing (listing_id, org_id, service_type, description, unit_price, price_unit, region_code, is_active, created_at, service_key) FROM stdin;
e1111111-0000-0000-0000-000000000001	b2222222-0000-0000-0000-000000000001	drying_storage	บริการอบลดความชื้นและรับฝากข้าวเปลือกก่อนขาย	500.00	ต่อตัน	TH-18	t	2026-07-22 07:46:48.251671+00	\N
\.

COPY production.crop_cycle (cycle_id, unit_id, commodity_code, planned_start_date, planned_harvest_date, actual_harvest_date, status, linked_contract_id, created_at) FROM stdin;
d1111111-0000-0000-0000-000000000001	a1111111-0000-0000-0000-000000000001	RICE_JASMINE	2026-07-17	2026-11-04	2026-07-22	completed	c1111111-0000-0000-0000-000000000001	2026-07-22 07:46:48.230111+00
\.

COPY production.stage_calendar (stage_id, cycle_id, stage_seq, stage_name, planned_date, actual_date, status, verification_ref, verified_by, verified_at) FROM stdin;
aeebaf55-7cab-46c6-86a9-d4c1449b7bb4	d1111111-0000-0000-0000-000000000001	1	เตรียมดินและเพาะกล้า	2026-07-17	2026-07-22	verified	เจ้าหน้าที่ภาคสนามตรวจแปลงจริง 2026-07-22	field_agent:FA-0012	2026-07-22 07:46:48.238777+00
dbe684e7-0bbb-4dd1-966c-721eff63153a	d1111111-0000-0000-0000-000000000001	2	ปลูก/ปักดำ	2026-08-06	2026-07-22	verified	ตรวจแปลงงวดปลูก	field_agent:FA-0012	2026-07-22 07:46:48.247606+00
2362cf28-ae0e-4e18-9335-15a470507f7d	d1111111-0000-0000-0000-000000000001	3	ดูแลรักษา/ใส่ปุ๋ย	2026-08-31	2026-07-22	verified	ตรวจแปลงงวดดูแลรักษา	field_agent:FA-0012	2026-07-22 08:35:28.26837+00
0930d899-79b9-4905-95b4-b1a44935d234	d1111111-0000-0000-0000-000000000001	4	เก็บเกี่ยว	2026-11-04	2026-07-22	verified	ตรวจแปลงงวดเก็บเกี่ยว ผลผลิตตามคาด	field_agent:FA-0012	2026-07-22 08:35:28.345742+00
\.

COPY marketplace.service_request (request_id, listing_id, unit_id, cycle_id, stage_id, status, agreed_price, requested_at, scheduled_date, completed_at, payment_entry_id) FROM stdin;
5929aae9-7038-424d-89fc-86296c844ed1	e1111111-0000-0000-0000-000000000001	a1111111-0000-0000-0000-000000000001	d1111111-0000-0000-0000-000000000001	0930d899-79b9-4905-95b4-b1a44935d234	completed	500.00	2026-07-22 07:47:21.55158+00	2026-10-30	2026-07-22 07:47:21.561015+00	9360295c-467c-4954-a866-a8ccdd676b91
\.

COPY marketplace.vendor_photo (photo_id, org_id, photo_type, photo_data_url, caption, created_at) FROM stdin;
\.

COPY monitoring.metric_observation (observation_id, metric_name, observed_value, observed_at, source, notes) FROM stdin;
ba157545-9343-4e02-8fe7-6a289e4488a3	reporting_dashboard_latency_avg_ms	2.931	2026-07-23 10:34:09.46799+00	layer9_pgbench_1client_replay	\N
5ea597f9-fab0-40d1-8ea8-523c14ce31ff	reporting_dashboard_latency_avg_ms	15.450	2026-07-23 10:34:09.47355+00	layer9_pgbench_10client_replay	\N
ef679914-de64-4338-93cb-a05efc120f54	reporting_dashboard_latency_avg_ms	82.236	2026-07-23 10:34:09.475746+00	layer9_pgbench_50client_replay	\N
bf3fcfb9-cb47-4bca-a50e-207727eccb3f	reporting_dashboard_tps	647.250	2026-07-23 10:34:09.476865+00	layer9_pgbench_10client_replay	\N
8b53e0b3-83a8-4beb-b83e-c0ece5a26a35	reporting_dashboard_tps	608.010	2026-07-23 10:34:09.477751+00	layer9_pgbench_50client_replay	\N
16e59d83-94fc-463e-a7b9-5130a3ddb1db	ledger_reconciliation_variance	0.000	2026-07-23 10:34:09.478653+00	live_reconciliation_check	\N
4c72d091-7d3d-424f-b869-3266eab2c4e5	ledger_reconciliation_variance	5.000	2026-07-23 10:34:09.480874+00	synthetic_alerting_drill	ค่าจำลองเพื่อทดสอบกลไกแจ้งเตือนเท่านั้น ไม่ใช่ปัญหาจริงของบัญชี
\.

COPY monitoring.alert_event (alert_id, threshold_id, observation_id, severity, message, fired_at, acknowledged, acknowledged_at) FROM stdin;
52c4e046-4029-4e32-a195-52fdccca9e86	e40d294e-6d78-4724-b98b-95ae7664fa86	ef679914-de64-4338-93cb-a05efc120f54	critical	reporting_dashboard_latency_avg_ms = 82.236 ms (เกณฑ์ critical: 50.000 ms)	2026-07-23 10:34:09.475746+00	f	\N
cd03a72b-a03d-430a-b0fe-018bf8d9e476	4cc85843-b456-404f-869f-7a54791a2330	4c72d091-7d3d-424f-b869-3266eab2c4e5	critical	ledger_reconciliation_variance = 5.00 THB (เกณฑ์ critical: 0.010 THB)	2026-07-23 10:34:09.480874+00	t	2026-07-23 10:34:09.483032+00
c86637fd-2c80-49b6-86b1-e40d5a8c5017	e40d294e-6d78-4724-b98b-95ae7664fa86	5ea597f9-fab0-40d1-8ea8-523c14ce31ff	warning	reporting_dashboard_latency_avg_ms = 15.450 ms (เกณฑ์ warning: 10.000 ms)	2026-07-23 10:34:09.47355+00	t	2026-07-23 10:34:09.484521+00
\.

COPY monitoring.go_live_checklist (item_id, category, description, status, evidence_reference, verified_at) FROM stdin;
3a16a291-7006-41cd-bc8b-b7be60a335af	Security	Row-Level Security บังคับใช้จริงและพิสูจน์ด้วยการสลับ Role (ไม่ใช่ Superuser)	passed	ขั้นที่ 8 — seed_and_test.sql หัวข้อ 3.1-3.9: b2222222 เห็น loan_application 0 แถว, b1111111 เห็น credit_score 0 แถว	2026-07-23 10:31:31.496728+00
dd7bf5d0-4d60-4b17-8b51-59ebb0d8d9f2	Security	เชื่อมต่อ External Identity Provider (OIDC) และบันทึก Access Audit Log	passed	ขั้นที่ 8 — audit.v_recent_access บันทึกครบ 9 รายการ, security.link_external_identity() ทดสอบผ่าน	2026-07-23 10:31:31.496728+00
f31e9a86-9f82-44ee-994e-29eab7f46040	Reliability	สำรอง/กู้คืนข้อมูลจริงและตรวจสอบ Checksum + RLS หลังกู้คืน	passed	ขั้นที่ 9 — run_dr_drill.sh: RTO เชิงประจักษ์ ~1.7 วินาที, ops.v_integrity_checksum ตรงกันทุกค่า	2026-07-23 10:31:31.496728+00
188c2fec-757f-410b-88f0-58bd871eaa83	Performance	ทดสอบภาระงานพร้อมกันจริงด้วย pgbench และพิสูจน์ผลปรับปรุง Query ด้วยดัชนี	passed	ขั้นที่ 9 — ops.performance_benchmark: 1/10/50 client วัดผลจริง, ops.v_query_improvement=80.3%	2026-07-23 10:31:31.496728+00
5bf506bb-6a84-4ee4-9334-99e0082065bd	Observability	ตั้งเกณฑ์แจ้งเตือนอัตโนมัติจากค่าที่วัดได้จริง และทดสอบว่าแจ้งเตือนทำงานถูกต้อง	passed	ขั้นที่ 10 — รอผลการทดสอบ monitoring.evaluate_metric() ในหัวข้อถัดไป — ทดสอบจริงใน seed_and_test.sql หัวข้อ 1.1-1.11: Replay ค่าจริงจากขั้นที่ 9 แจ้งเตือนถูกต้องตามเกณฑ์ทุกกรณี (clean/warning/critical) และกลไก Acknowledge ทำงานถูกต้อง	2026-07-23 10:34:09.485917+00
3db42604-60a8-43bb-aee4-c74222a65647	Data Governance	กำหนดและทดสอบนโยบายเก็บรักษาข้อมูล (Data Retention) สำหรับตาราง Log ที่เติบโตต่อเนื่อง	passed	ขั้นที่ 10 — รอผลการทดสอบ retention.purge_expired_rows() ในหัวข้อถัดไป — ทดสอบจริงใน seed_and_test.sql หัวข้อ 2.1-2.15: ล้างข้อมูลหมดอายุถูกต้องแม่นยำ (audit.access_log ลบ 50/50, notification.notification_log ลบ 5/5) โดยไม่แตะข้อมูลจริงหรือข้อมูลที่ยังไม่หมดอายุเลย	2026-07-23 10:34:09.507107+00
\.

COPY notification.notification_log (notification_id, event_type, severity, subject_type, subject_id, message, is_read, created_at) FROM stdin;
f3d7b4ca-ebe8-489a-8c37-5cc439e82931	credit_score_high_risk	critical	farmer	22222222-2222-2222-2222-222222222222	เกษตรกร 22222222-2222-2222-2222-222222222222 มีคะแนนความน่าเชื่อถือ 0.00 อยู่ในระดับความเสี่ยง D	f	2026-07-22 09:26:06.820205+00
46589954-c42f-4e88-b317-7a42f9046292	farmer_kyc_decision	info	farmer	2c374c52-d71e-43e1-8bbc-63f08f1fc8fc	สถานะบัญชีของท่านเปลี่ยนเป็น: อนุมัติแล้ว บัญชีของท่านใช้งานได้เต็มรูปแบบ	f	2026-07-23 14:35:44.359523+00
ebc5d11d-161a-46cd-bdcc-0dcf5d4b92a2	farmer_kyc_decision	warning	farmer	6821010d-27c8-4c54-8928-910060240925	สถานะบัญชีของท่านเปลี่ยนเป็น: ถูกปฏิเสธ/ปิดบัญชี — เหตุผล: เอกสารไม่ครบถ้วน กรุณายื่นใหม่พร้อมสำเนาบัตรประชาชน	f	2026-07-23 14:35:44.403258+00
45c41b78-e92d-4af0-a618-c729e955aa9e	organization_kyb_decision	info	organization	b3333333-0000-0000-0000-000000000001	สถานะการตรวจสอบธุรกิจ (KYB) ขององค์กรท่านเปลี่ยนเป็น: ผ่านการตรวจสอบแล้ว	f	2026-07-23 14:36:08.067076+00
e5c6ce93-5aef-49b0-bd0b-ac55941df285	farmer_kyc_decision	info	farmer	33333333-3333-3333-3333-333333333333	สถานะบัญชีของท่านเปลี่ยนเป็น: อนุมัติแล้ว บัญชีของท่านใช้งานได้เต็มรูปแบบ	f	2026-07-23 14:39:31.228283+00
\.

COPY ops.backup_log (backup_id, backup_type, started_at, completed_at, status, file_path, file_size_bytes, database_size_bytes, notes, created_at) FROM stdin;
8d137e38-0559-4a4a-9d87-1aa229a36a63	full	2026-07-23 09:40:00.563397+00	2026-07-23 09:40:00.850511+00	success	/tmp/work15/backup/agrolink_test_full_20260723_094000.dump	249906	19102743	สำรองข้อมูลอัตโนมัติผ่าน run_dr_drill.sh	2026-07-23 09:40:02.645318+00
\.

COPY ops.performance_benchmark (benchmark_id, test_name, run_at, concurrent_clients, duration_seconds, total_transactions, tps, latency_avg_ms, notes) FROM stdin;
9dbacc35-12e2-4573-ac7f-688ebbb30231	reporting_dashboard_read_workload	2026-07-23 09:40:00.502008+00	1	10	3412	341.24	2.931	Baseline เดี่ยว (1 client) — set_session_context(platform) แล้วอ่าน v_executive_summary และ v_farmer_360
8fde11ba-4aea-4913-9d02-490d76d458e3	reporting_dashboard_read_workload	2026-07-23 09:40:00.50345+00	10	15	9710	647.25	15.450	ภาระงานพร้อมกัน 10 Client — Throughput เพิ่มขึ้นจาก Baseline
27ff53f3-4b8e-48b3-98fb-7fd1b0c8883e	reporting_dashboard_read_workload	2026-07-23 09:40:00.504298+00	50	15	9149	608.01	82.236	ภาระงานพร้อมกัน 50 Client — Throughput เริ่มลดลงจากจุดสูงสุดที่ 10 Client, Latency เพิ่มชัดเจน บ่งชี้จุดอิ่มตัวของเครื่องทดสอบ
\.

COPY ops.query_observation (observation_id, query_label, observed_at, phase, planning_time_ms, execution_time_ms, notes) FROM stdin;
b2a6cb43-fc70-4f8f-9567-f973ee181632	audit.access_log — ค้นหาตามช่วงวันที่ (compliance date-range query)	2026-07-23 09:39:59.754855+00	before_optimization	0.228	40.943	ไม่มีดัชนีบนคอลัมน์ occurred_at ต้องทำ Parallel Sequential Scan อ่านทั้งตาราง 300,009 แถว (รวมข้อมูลจำลอง) เพื่อกรองแค่ 30 วันล่าสุด
85811e96-7e15-4ccd-8efd-c88a63c6b23b	audit.access_log — ค้นหาตามช่วงวันที่ (compliance date-range query)	2026-07-23 09:40:00.067997+00	after_optimization	0.132	8.086	เพิ่มดัชนี idx_access_log_occurred_at (occurred_at DESC) ทำให้ Query Planner เลือก Bitmap Index Scan แทน Parallel Sequential Scan อ่านเฉพาะ Heap Block ที่เกี่ยวข้อง
\.

COPY ops.restore_test_log (restore_test_id, backup_id, started_at, completed_at, target_database, status, rows_verified_ok, ledger_variance_after_restore, verification_notes, created_at) FROM stdin;
f3be360f-299c-408f-94cf-c2dbbe3d9e1a	8d137e38-0559-4a4a-9d87-1aa229a36a63	2026-07-23 09:40:01.070568+00	2026-07-23 09:40:02.48493+00	agrolink_test_restore_test	success	t	0.00	ซ้อมกู้คืนอัตโนมัติผ่าน run_dr_drill.sh — ตรวจสอบ ops.v_integrity_checksum ตรงกันทุกค่า	2026-07-23 09:40:02.684831+00
\.

COPY partner.vendor_document (document_id, org_id, document_type, document_ref, issued_at, expires_at, uploaded_at) FROM stdin;
\.

COPY produce.delivery (delivery_id, contract_id, cycle_id, unit_id, buyer_org_id, commodity_code, quantity_ton, unit_price, total_amount, quality_grade, status, inspected_by, inspected_at, settlement_entry_id, delivered_at, settled_at) FROM stdin;
e1772ec5-bbf5-4fc1-a279-bd8dbb138f8c	c2222222-0000-0000-0000-000000000001	d1111111-0000-0000-0000-000000000001	a1111111-0000-0000-0000-000000000001	b2222222-0000-0000-0000-000000000001	RICE_JASMINE	5.000	15000.00	75000.00	เกรด A (ความชื้น 14%)	settled	inspector:QA-007	2026-07-22 08:35:28.368+00	042cd5d8-6f58-4020-b3a5-d83c9cf6d55f	2026-07-22 08:35:28.357882+00	2026-07-22 08:35:28.368+00
41968718-71fa-4ed7-98f1-ab9970e964a6	\N	\N	a3333333-0000-0000-0000-000000000001	b2222222-0000-0000-0000-000000000001	RICE_JASMINE	2.500	16000.00	40000.00	Grade A	accepted	เจ้าหน้าที่ตรวจสอบคุณภาพ สมศักดิ์	2026-07-23 14:10:31.410058+00	\N	2026-07-23 14:10:31.317701+00	\N
e7c1e182-bc53-4e1e-9cca-d5d76623e332	\N	\N	a1111111-0000-0000-0000-000000000002	b2222222-0000-0000-0000-000000000001	RICE_PADDY	1.000	8000.00	8000.00	ต่ำกว่ามาตรฐาน	rejected	สมศักดิ์	2026-07-23 14:10:53.200804+00	\N	2026-07-23 14:10:53.113322+00	\N
57f96bff-8183-4c32-a999-1d4cdbbe37c3	\N	\N	a2222222-0000-0000-0000-000000000001	b2222222-0000-0000-0000-000000000001	CASSAVA	1.000	10000.00	10000.00	Grade B	settled	สมศักดิ์	2026-07-23 14:10:53.051529+00	31c1f4c4-d4f0-4faa-ba65-ac5bb39b9229	2026-07-23 14:10:52.955207+00	2026-07-23 14:14:04.933641+00
83a75312-2480-4e14-b16f-1562145cca44	\N	\N	a1111111-0000-0000-0000-000000000001	b2222222-0000-0000-0000-000000000001	RICE_JASMINE	3.000	17000.00	51000.00	Grade A	accepted	ผู้ตรวจสอบ Playwright	2026-07-23 14:17:45.575945+00	\N	2026-07-23 14:17:22.925235+00	\N
b865213a-fbaa-4687-a2c3-5a2f640023ed	\N	\N	a3333333-0000-0000-0000-000000000001	b2222222-0000-0000-0000-000000000001	RICE_JASMINE	2.000	12000.00	24000.00	\N	delivered	\N	\N	\N	2026-07-23 14:17:48.633763+00	\N
\.

COPY registry.farmbook_sync_log (sync_id, farmer_id, sync_status, farmbook_ref_id, response_summary, attempted_at) FROM stdin;
bd124685-c02d-4bd3-9e3b-68b519c7c7bd	11111111-1111-1111-1111-111111111111	success	FBK-000123	พบข้อมูลตรงกัน จับคู่สำเร็จ	2026-07-22 06:37:44.327064+00
b06ccda3-d35d-4c13-9476-5403304e415b	22222222-2222-2222-2222-222222222222	success	FBK-000456	พบข้อมูลตรงกัน จับคู่สำเร็จ	2026-07-22 06:37:44.327064+00
4827100f-ebf5-43be-a8ee-dbf4479a5513	33333333-3333-3333-3333-333333333333	not_found	\N	ไม่พบเลขบัตรประชาชนในฐาน Farmbook ต้องยืนยันด้วยเจ้าหน้าที่ภาคสนาม	2026-07-22 06:37:44.327064+00
\.

COPY registry.production_cycle_history (cycle_id, unit_id, season_id, commodity_code, started_at, ended_at, outcome_summary, created_at) FROM stdin;
b03d966e-cead-48b6-845a-ab05a08b70a4	a1111111-0000-0000-0000-000000000001	2568/นาปรัง	RICE_JASMINE	2026-01-03	2026-04-13	เก็บเกี่ยวสำเร็จ 650 กก./ไร่	2026-07-22 06:37:44.325565+00
\.

COPY risk.credit_score (score_id, farmer_id, score_value, risk_tier, factors, model_version, computed_at) FROM stdin;
e167d41a-326b-4ab7-9464-a895a4b37e7e	11111111-1111-1111-1111-111111111111	80.00	A	{"loan_repayment": {"total": 2, "on_time": 1, "factor_score": 50.0000000000000000}, "weight_sum_used": 100, "delivery_quality": {"total": 1, "settled": 1, "factor_score": 100.0000000000000000}, "insufficient_data": false, "contract_fulfillment": {"total": 2, "completed": 2, "factor_score": 100.0000000000000000}, "production_reliability": {"total": 4, "on_time": 3, "factor_score": 75.0000000000000000}}	v1.0-rule-based	2026-07-22 08:59:51.660728+00
462ee327-a08a-43eb-9439-27a8c4efb23b	33333333-3333-3333-3333-333333333333	50.00	C	{"loan_repayment": {"total": 0, "on_time": 0, "factor_score": null}, "weight_sum_used": 0, "delivery_quality": {"total": 0, "settled": 0, "factor_score": null}, "insufficient_data": true, "contract_fulfillment": {"total": 0, "completed": 0, "factor_score": null}, "production_reliability": {"total": 0, "on_time": 0, "factor_score": null}}	v1.0-rule-based	2026-07-22 08:59:51.66892+00
287b3946-be8c-4163-b637-55ee16602c7b	11111111-1111-1111-1111-111111111111	80.00	A	{"loan_repayment": {"total": 2, "on_time": 1, "factor_score": 50.0000000000000000}, "weight_sum_used": 100, "delivery_quality": {"total": 1, "settled": 1, "factor_score": 100.0000000000000000}, "insufficient_data": false, "contract_fulfillment": {"total": 2, "completed": 2, "factor_score": 100.0000000000000000}, "production_reliability": {"total": 4, "on_time": 3, "factor_score": 75.0000000000000000}}	v1.0-rule-based	2026-07-22 08:59:51.67105+00
667afa34-2b57-473f-ad7f-92c8245f0a0d	33333333-3333-3333-3333-333333333333	50.00	C	{"loan_repayment": {"total": 0, "on_time": 0, "factor_score": null}, "weight_sum_used": 0, "delivery_quality": {"total": 0, "settled": 0, "factor_score": null}, "insufficient_data": true, "contract_fulfillment": {"total": 0, "completed": 0, "factor_score": null}, "production_reliability": {"total": 0, "on_time": 0, "factor_score": null}}	v1.0-rule-based	2026-07-22 08:59:51.67105+00
8f872793-23d3-413b-92b0-fd15f7389d6a	22222222-2222-2222-2222-222222222222	0.00	D	{"loan_repayment": {"total": 0, "on_time": 0, "factor_score": null}, "weight_sum_used": 25, "delivery_quality": {"total": 0, "settled": 0, "factor_score": null}, "insufficient_data": false, "contract_fulfillment": {"total": 1, "completed": 0, "factor_score": 0.00000000000000000000}, "production_reliability": {"total": 0, "on_time": 0, "factor_score": null}}	v1.0-rule-based	2026-07-22 08:59:51.67105+00
2538f5b7-dde9-4177-88bb-a30c6d0df468	22222222-2222-2222-2222-222222222222	0.00	D	{"loan_repayment": {"total": 0, "on_time": 0, "factor_score": null}, "weight_sum_used": 25, "delivery_quality": {"total": 0, "settled": 0, "factor_score": null}, "insufficient_data": false, "contract_fulfillment": {"total": 1, "completed": 0, "factor_score": 0.00000000000000000000}, "production_reliability": {"total": 0, "on_time": 0, "factor_score": null}}	v1.0-rule-based	2026-07-22 09:26:06.820205+00
\.

COPY traceability.certificate (certificate_id, delivery_id, unit_id, cycle_id, certificate_type, geo_boundary_snapshot, certificate_ref, status, issued_by, issued_at) FROM stdin;
3406358b-2ef1-4862-8706-48f3826ae3df	e1772ec5-bbf5-4fc1-a279-bd8dbb138f8c	a1111111-0000-0000-0000-000000000001	d1111111-0000-0000-0000-000000000001	eudr_due_diligence	0103000020E610000001000000050000007B14AE47E10A5940C3F5285C8F422E4033333333330B5940C3F5285C8F422E4033333333330B594085EB51B81E452E407B14AE47E10A594085EB51B81E452E407B14AE47E10A5940C3F5285C8F422E40	AGL-CERT-8da4ca5b8a2acd157b5de84371e345112962ff9e3d934eb0a402fa131181808f	issued	certifier:AGL-QA-CENTER	2026-07-22 08:35:28.373564+00
\.

COPY underwriting.loan_application (application_id, farmer_id, lender_org_id, related_unit_id, requested_amount, purpose, status, score_id, risk_tier_at_decision, decision_reason, approved_amount, contract_id, created_at, decided_at) FROM stdin;
c888534c-53c3-4784-88f5-90820abfa8b2	11111111-1111-1111-1111-111111111111	b1111111-0000-0000-0000-000000000001	a1111111-0000-0000-0000-000000000001	20000.00	ขยายพื้นที่เพาะปลูกข้าวหอมมะลิเพิ่มอีก 2 ไร่	converted	287b3946-be8c-4163-b637-55ee16602c7b	A	อนุมัติอัตโนมัติตามนโยบายระดับความเสี่ยง A (คะแนน 80.00, วงเงินขออยู่ในเพดาน 50000.00 บาท)	20000.00	c3469e0f-dc86-4372-a9e1-13266405d314	2026-07-22 09:26:06.749958+00	2026-07-22 09:26:06.772876+00
8307efa5-edf4-4bb9-8ee1-3250c7260d35	33333333-3333-3333-3333-333333333333	b1111111-0000-0000-0000-000000000001	a3333333-0000-0000-0000-000000000001	3000.00	ซื้อปุ๋ยและอุปกรณ์เพิ่มเติม	declined	667afa34-2b57-473f-ad7f-92c8245f0a0d	C	เจ้าหน้าที่พิจารณาแล้วเห็นว่าประวัติการชำระคืนยังไม่เพียงพอสำหรับวงเงินนี้	3000.00	\N	2026-07-22 09:26:06.798035+00	2026-07-22 09:26:06.803637+00
fd4ae9d8-b6d8-4c52-a6e2-aba818c41a4a	33333333-3333-3333-3333-333333333333	b1111111-0000-0000-0000-000000000001	a3333333-0000-0000-0000-000000000001	10000.00	ซื้อเครื่องจักรกลการเกษตรขนาดเล็ก	converted	667afa34-2b57-473f-ad7f-92c8245f0a0d	C	วงเงินที่ขอ (10000.00 บาท) เกินเพดานของระดับความเสี่ยง C (5000.00 บาท) เสนอวงเงินทางเลือกที่เพดาน รอการพิจารณาโดยเจ้าหน้าที่	5000.00	e28931cb-4dfb-43e7-b871-24830cc3bbc7	2026-07-22 09:26:06.805859+00	2026-07-22 09:26:06.809738+00
272a7142-5c61-4824-a3bb-b9010d30eb89	22222222-2222-2222-2222-222222222222	b1111111-0000-0000-0000-000000000001	a2222222-0000-0000-0000-000000000001	2000.00	ทดสอบเส้นทางปฏิเสธอัตโนมัติ	declined	8f872793-23d3-413b-92b0-fd15f7389d6a	D	ระดับความเสี่ยงสูงเกินกว่าจะอนุมัติสินเชื่อได้ (risk_tier D, คะแนน 0.00)	\N	\N	2026-07-22 09:26:06.815913+00	2026-07-22 09:26:06.81785+00
05196540-b353-4081-82ce-2476cadce2b0	11111111-1111-1111-1111-111111111111	b1111111-0000-0000-0000-000000000001	a1111111-0000-0000-0000-000000000001	15000.00	ทดสอบ API Gateway - ซื้อปุ๋ย	pending	\N	\N	\N	\N	\N	2026-07-23 10:57:02.64139+00	\N
d90d1003-09ca-4193-8832-1bc8c4206faf	11111111-1111-1111-1111-111111111111	b1111111-0000-0000-0000-000000000001	a1111111-0000-0000-0000-000000000001	15000.00	ทดสอบ API Gateway - ซื้อปุ๋ย	pending	\N	\N	\N	\N	\N	2026-07-23 10:57:36.93382+00	\N
32e7188c-0d8e-4e43-b92f-10eab91533ab	11111111-1111-1111-1111-111111111111	b1111111-0000-0000-0000-000000000001	a1111111-0000-0000-0000-000000000001	12345.00	ทดสอบยื่นคำขอผ่านหน้าเว็บจริง (Playwright)	pending	\N	\N	\N	\N	\N	2026-07-23 11:12:56.930957+00	\N
d30d81ef-6701-4401-a0e2-6f56c8817be4	22222222-2222-2222-2222-222222222222	b1111111-0000-0000-0000-000000000001	a2222222-0000-0000-0000-000000000001	2000.00	ทดสอบ tier D	declined	2538f5b7-dde9-4177-88bb-a30c6d0df468	D	ระดับความเสี่ยงสูงเกินกว่าจะอนุมัติสินเชื่อได้ (risk_tier D, คะแนน 0.00)	\N	\N	2026-07-23 13:54:19.847473+00	2026-07-23 13:54:19.850959+00
2aea8ba9-fe07-4d95-8819-f86128bb49c0	33333333-3333-3333-3333-333333333333	b1111111-0000-0000-0000-000000000001	a3333333-0000-0000-0000-000000000001	3000.00	ทดสอบ tier C	converted	667afa34-2b57-473f-ad7f-92c8245f0a0d	C	วงเงินที่ขออยู่ในเพดานของระดับความเสี่ยง C แต่นโยบายกำหนดให้ต้องผ่านการพิจารณาโดยเจ้าหน้าที่เสมอ	3000.00	ef9ef4da-6d05-4961-8a1d-1a370ed57114	2026-07-23 13:54:19.795066+00	2026-07-23 13:54:35.401392+00
feff7a4e-a4f7-4939-adf8-736a675264d6	11111111-1111-1111-1111-111111111111	b1111111-0000-0000-0000-000000000001	a1111111-0000-0000-0000-000000000001	80000.00	ทดสอบเกินเพดาน	declined	287b3946-be8c-4163-b637-55ee16602c7b	A	เกินวงเงินที่คณะกรรมการอนุมัติในรอบนี้	50000.00	\N	2026-07-23 13:54:19.746673+00	2026-07-23 13:54:35.423672+00
75bf665a-bb01-46a1-85a9-ff52ec508ece	11111111-1111-1111-1111-111111111111	b1111111-0000-0000-0000-000000000001	a1111111-0000-0000-0000-000000000001	20000.00	ทดสอบ auto-approve	converted	287b3946-be8c-4163-b637-55ee16602c7b	A	อนุมัติอัตโนมัติตามนโยบายระดับความเสี่ยง A (คะแนน 80.00, วงเงินขออยู่ในเพดาน 50000.00 บาท)	20000.00	3e1e423e-8026-4180-846e-803995fd890b	2026-07-23 13:54:19.700289+00	2026-07-23 13:54:35.443768+00
f278b37c-3536-4177-9b44-bb91d4db6731	33333333-3333-3333-3333-333333333333	b1111111-0000-0000-0000-000000000001	a3333333-0000-0000-0000-000000000001	4500.00	ซ่อมแซมโรงเรือน	converted	667afa34-2b57-473f-ad7f-92c8245f0a0d	C	วงเงินที่ขออยู่ในเพดานของระดับความเสี่ยง C แต่นโยบายกำหนดให้ต้องผ่านการพิจารณาโดยเจ้าหน้าที่เสมอ	4500.00	c5cfa67f-3b8b-4de7-8aa5-8b35b54d562d	2026-07-23 13:56:08.021317+00	2026-07-23 13:58:58.106519+00
7d20cd26-6a7b-4675-bafe-164fde365726	11111111-1111-1111-1111-111111111111	b1111111-0000-0000-0000-000000000001	a1111111-0000-0000-0000-000000000002	45000.00	ซื้อรถไถและปุ๋ยรอบใหม่	declined	287b3946-be8c-4163-b637-55ee16602c7b	A	เอกสารประกอบไม่ครบถ้วน ขอข้อมูลเพิ่มเติม	45000.00	\N	2026-07-23 13:56:07.992734+00	2026-07-23 13:58:59.774172+00
\.


ALTER TABLE contract.contract FORCE ROW LEVEL SECURITY;
ALTER TABLE risk.credit_score FORCE ROW LEVEL SECURITY;
ALTER TABLE underwriting.loan_application FORCE ROW LEVEL SECURITY;
